"0","design_rand <- cbc_design("
"0","  profiles = profiles_used,"
"0","  n_resp   = 4000, # Number of respondents"
"0","  n_alts   = 3,    # Number of alternatives per question"
"0","  n_q      = 6    # Number of questions per respondent #6"
"0",") "
"0",""
"0","design_rand_output <-design_rand %>%"
"0","  mutate(battery_health_year0=paste0(round(1 * 100, 0), ""%""),"
"0","         battery_health_year3=(1-battery_degradation)^3,"
"0","         battery_health_year8=(1-battery_degradation)^8,"
"0","         # round to the closest 5"
"0","         battery_range_year3=round(battery_range_year0*battery_health_year3/5)*5,"
"0","         battery_range_year8=round(battery_range_year0*battery_health_year8/5)*5,"
"0","         "
"0","         battery_health_year3=paste0(round((1-battery_degradation)^3*100,0),""%""),"
"0","         battery_health_year8=paste0(round((1-battery_degradation)^8*100,0),""%""),"
"0","         ) %>% "
"0","  mutate(image_refurbishment=paste0(""battery_survey_battery_"", battery_refurbish, ""_text"","".png""),"
"0","    image_degradation=paste0(""Range_Degradation_"", battery_range_year0, ""_"", battery_degradation*100,"".png""),"
"0","         ) %>% "
"0","  mutate(veh_price=veh_price/15000"
"0","         # battery_condition=case_when(battery_condition==""Like_new"" ~ ""Like new"", T ~ battery_condition)"
"0","         # charge_freq=paste0(charge_freq,"" times""),"
"0","         # charge_DCFC=paste0(charge_DCFC,""%"")"
"0","         )"
"0","# head(design_rand)"
"0","# cbc_balance(design_rand)"
"0","# cbc_overlap(design_rand)"
"0",""
"0","# write.csv(design_rand, paste0(here(),""/survey/data/battery_choice_questions.csv""), row.names = FALSE)"
"0","write.csv(design_rand_output, paste0(here(),""/data/battery_choice_questions.csv""), row.names = FALSE)"
