"b_mileage_a","b_range_year0_a","b_degradation_a","b_packreplace_a","b_cellreplace_a","b_price_a","b_mileage_b","b_range_year0_b","b_degradation_b","b_packreplace_b","b_cellreplace_b","b_price_b","b_mileage_c","b_range_year0_c","b_degradation_c","b_packreplace_c","b_cellreplace_c","b_price_c","b_mileage_d","b_range_year0_d","b_degradation_d","b_packreplace_d","b_cellreplace_d","b_price_d","b_mileage_e","b_range_year0_e","b_degradation_e","b_packreplace_e","b_cellreplace_e","b_price_e","b_mileage_f","b_range_year0_f","b_degradation_f","b_packreplace_f","b_cellreplace_f","b_price_f","delta_b","delta_c","delta_d","delta_e","delta_f","logLike"
0,0,0,0,0,0,0,0,0,0,0,0,0,0,0,0,0,0,0,0,0,0,0,0,0,0,0,0,0,0,0,0,0,0,0,0,0,0,0,0,0,-3094.20901401957
0.0103682424879642,0.0827543111360866,-0.0344110923627892,-0.00646185573700785,-0.039203970580196,0.0175267233694905,0.0103682424879642,0.0827543111360867,-0.0344110923627892,-0.00646185573700767,-0.0392039705801959,0.0175267233694904,0.0103682424879642,0.0827543111360866,-0.0344110923627892,-0.00646185573700768,-0.0392039705801959,0.0175267233694904,0.0103682424879642,0.0827543111360867,-0.0344110923627892,-0.00646185573700765,-0.0392039705801959,0.0175267233694904,0.0103682424879642,0.0827543111360866,-0.0344110923627892,-0.00646185573700761,-0.0392039705801958,0.0175267233694904,0.0103682424879642,0.0827543111360866,-0.0344110923627892,-0.0064618557370076,-0.0392039705801958,0.0175267233694904,1.98725149663109e-15,1.98725149663109e-15,6.62417165543697e-16,9.93625748315547e-16,0,-2999.47762347045
-0.0420397367239199,0.341577344910335,-0.0965662254643822,-0.109086555508186,-0.177995156029995,-0.0152031332326908,-0.0420397367237828,0.341577344910371,-0.0965662254643552,-0.109086555508537,-0.177995156030075,-0.0152031332326656,-0.0420397367238129,0.34157734491032,-0.0965662254643874,-0.10908655550865,-0.177995156030192,-0.0152031332326956,-0.0420397367237498,0.34157734491041,-0.0965662254643258,-0.109086555508445,-0.177995156029883,-0.0152031332326597,-0.0420397367237805,0.341577344910381,-0.0965662254643376,-0.109086555508624,-0.177995156029955,-0.0152031332326572,-0.0420397367238958,0.341577344910233,-0.0965662254644418,-0.109086555508764,-0.177995156030223,-0.0152031332328053,-1.17874652579354e-12,-2.22222907572856e-12,-7.5819512075316e-13,-1.97915634581756e-12,1.783767649042e-13,-2858.00803504439
-0.0935305673517108,0.70538037043348,-0.1899815184774,-0.232388791560583,-0.320856018607263,-0.0573436650376698,-0.093529715497842,0.705381205148703,-0.189980894041319,-0.232387147456546,-0.320854279846103,-0.0573428234067542,-0.0935306570269376,0.705379879300778,-0.189981387026933,-0.232389657914895,-0.32085663325051,-0.0573438798218171,-0.0935289514434942,0.70538221845015,-0.189980455514053,-0.232385044330177,-0.320852226569005,-0.0573420058053133,-0.0935295587452749,0.705381306177415,-0.189980689312558,-0.232386756979313,-0.320853715606145,-0.0573426490378388,-0.0935322487564378,0.705378229915084,-0.189982624048184,-0.232393942351533,-0.320860809529576,-0.0573456442673874,2.08197691823323e-06,-5.00342312388535e-07,3.84383515363656e-06,2.12462497340429e-06,-6.50443369217607e-06,-2761.70991345528
-0.0896973991729921,0.778614303707662,-0.213421757983043,-0.237224909027753,-0.316933292246248,-0.0647244103538851,-0.0895977782507501,0.778750520302714,-0.213361661816306,-0.236963402997405,-0.316676930608338,-0.0646125614831258,-0.0897181592174189,0.778585703322458,-0.213431135055793,-0.237286572156959,-0.316991617886091,-0.0647473608791552,-0.0895005433676988,0.77888364672397,-0.213305166365879,-0.236701700354047,-0.316421665730513,-0.0645039107242849,-0.0895760823826047,0.778780417743354,-0.213347724238552,-0.236906034418255,-0.316619613312846,-0.0645879403921945,-0.0899199428157573,0.778309572251996,-0.213552768938481,-0.237827120806389,-0.317519776415156,-0.06497488291631,-0.000598560415115386,0.000428354248495402,-0.00142457755552217,-0.00077623239956664,0.00213172008225275,-2756.58966847522
-0.0946121418429856,0.78157870126365,-0.223604309728928,-0.245080243953395,-0.32086644999752,-0.0735099333565963,-0.0694158716590442,0.81550673286157,-0.210426872656708,-0.176308277397621,-0.254450775287427,-0.0447802835542357,-0.0997936345351328,0.774618639212086,-0.226214573262366,-0.25947650626757,-0.334690294168585,-0.0793638629424051,-0.0446837276885963,0.848891504586623,-0.197625663813646,-0.109135615003251,-0.189659823095132,-0.0165478515389577,-0.0638084805668954,0.823078283133109,-0.207487785782363,-0.161090789830708,-0.239731977002513,-0.0383720625372439,-0.150549792226859,0.706552948264593,-0.252900587865534,-0.399971943710792,-0.470415409756659,-0.136961733277758,-0.144994527051134,0.0733607351262748,-0.297419453331582,-0.181311879653641,0.51672637531178,-2717.77845351066
0.0896443419327704,1.45347668821669,-0.236668393458008,-0.575599846842449,-0.215228565303474,-0.224040333531977,0.101610330315037,1.09334220250983,-0.170664105082412,0.135564842313127,-0.164649436467123,0.140549765491435,0.0119511248442357,1.31285301200491,-0.258681158908007,-0.79182942445278,-0.284033506546116,-0.289402421774584,-0.408485159694122,0.0155615233843637,-0.211031529179484,0.223036508905367,-0.198229939621594,0.0791810791530471,0.0200842986570544,0.879060265044327,-0.171469120279345,0.196980774162813,-0.175616579779344,0.164381547718008,-0.186196704261467,0.68261561416369,-0.258573261645381,-0.532752730346983,-0.595535075269361,-0.119678454691426,-0.41202918696038,-5.94762410618145,-0.404469101941648,-0.182933262035723,0.806463443373408,-2698.72878469492
0.0817937873128938,1.45795040411782,-0.244850142150563,-0.575130271645519,-0.204433425207789,-0.216468089763663,0.097601929174183,1.09758223679314,-0.176007986710491,0.158314338474293,-0.152141986401911,0.175276441625977,0.0553110186335525,1.3887748231438,-0.256537271259118,-0.722438849653914,-0.216398406029308,-0.243598866376893,-0.36198982732471,0.0664956304165254,-0.211918957430291,0.2429128109557,-0.114136283605241,0.0987665947218578,0.0163758592510822,0.881283921609417,-0.171499990013923,0.211179649931931,-0.161603718298596,0.213773903796915,-0.169924707950381,0.704497566077658,-0.252157249661569,-0.519083629179659,-0.572519795757238,-0.107725753683367,-0.312169613458337,-5.34465550144588,-0.497287347275436,-0.0688777414406916,0.76616730043416,-2683.38726921256
0.0284541934635824,1.41564116803157,-0.276655470968953,-0.62978988919325,-0.20677510787413,-0.25671785747643,0.00238308705249798,0.800946392387297,-0.20225468087987,0.148456431687778,-0.193181368485534,-0.135554646720482,0.0535642594757043,1.38842543965272,-0.257594836766145,-0.72786510440573,-0.214659972077265,-0.243999964628563,-0.37733778663094,0.0583678902533555,-0.243888639234486,0.164077436649621,-0.165224028299071,0.0677518895093688,-0.0202525205171056,0.760693807411986,-0.173446362445144,0.206516205217872,-0.149591791381262,0.192396381560147,-0.155640764957574,0.731119444932943,-0.246719651837065,-0.585324726407676,-0.593163404231309,-0.109406132506809,-0.065200529683275,-5.00998663285448,-0.655432366658188,0.197501595854123,0.619260918069972,-2658.14616046712
-0.0396137001031261,1.44709710475684,-0.357636800091583,-0.753178753740921,-0.227561975881284,-0.292954599238775,0.0960987637044741,1.04666292374002,-0.188856049545141,0.368536421466912,-0.00320934244124443,-0.075701129321307,0.0429116732307252,1.38756688909855,-0.263725982746677,-0.787388249317962,-0.228013189664859,-0.246903659676092,-0.334839747380261,0.130208563999346,-0.281993708056203,0.117050846745036,-0.131326926084211,0.0274219615327702,-0.0608021874665763,0.695361840604444,-0.162357938599863,0.150664673645019,-0.131040290200707,0.277732721280325,-0.152895542003575,0.760037686544942,-0.237602298557772,-0.804433878062097,-0.720568329102407,-0.135764871770779,0.0772447521152355,-3.72553961183375,-0.70753562530794,0.478935995592914,0.288288827630804,-2632.52381009564
-0.0355612555644808,1.46335000232594,-0.366114093189464,-0.739301765141745,-0.218353052431444,-0.288402750451679,0.0911005333900426,1.03551497082342,-0.19360412206473,0.380499067269259,-0.00965724451547179,-0.0825215979488581,0.0408876177623817,1.39283694127041,-0.267263148489686,-0.818569756894189,-0.222858682098367,-0.242168046110722,-0.334442942051112,0.132004653224676,-0.286186126000805,0.117500164103167,-0.142628845890725,0.0229256196258668,-0.0647506233790749,0.692815554275325,-0.159723472797159,0.148500933393447,-0.126471404361415,0.289255608219546,-0.151567205507291,0.763346174413165,-0.234805336967971,-0.830155544694114,-0.738715257204856,-0.137648148559421,0.075749900942516,-3.01458686252173,-0.718986609999209,0.510950907275861,0.250137282612863,-2629.50543689232
-0.0205196512199457,1.5713516901338,-0.440843455563009,-0.600406001485843,-0.164351411676596,-0.281445099910444,0.0566133452218015,0.930354908128555,-0.23363952810944,0.481524014783571,-0.113643916144664,-0.195559411992301,-0.207239665500939,1.51601238097138,-0.405429196876293,-3.31492951758153,-0.872174097268459,-0.337236996038619,-0.315603630194127,0.174590303087224,-0.310435685111815,0.155937084135484,-0.141822483762795,0.00291036304576682,-0.0872976623001705,0.682528458341362,-0.134784015133348,0.10528603046927,-0.0934168412387205,0.351999716887432,-0.155762242334816,0.775075492866291,-0.216970103250276,-1.08672192467976,-0.891738086072583,-0.169130771711479,0.0328125324148619,-0.103278330267075,-0.709975590470025,0.641126528695702,-0.0407665281929132,-2619.59103129063
-0.0610070011648337,1.86067731737648,-0.591249886933241,-0.118240705871396,-0.00902779339822796,-0.262015539908046,0.177586878025698,0.946405246951626,-0.286834547447792,0.727624436471146,-0.115600237063436,-0.366830317794725,0.0437610505482779,1.43705955411481,-0.391373200436632,-2.1548325523192,-0.992926593528464,-0.326813473999618,-0.297119508363305,0.350840127368492,-0.348309084940291,0.121741874149342,0.00170027261585209,-0.0281288341722504,-0.157920364365836,0.608626546610155,-0.0964054732748252,-0.0683476056491666,-0.167510491127542,0.239807906620064,-0.217509754407893,0.90903461360919,-0.134694047271864,-2.41327565995273,-1.49155315058598,-0.388776928928052,0.0028379016388012,-1.06909428411198,-0.429905288547896,0.814091584991973,-1.2462967352725,-2579.50203402937
-0.0596355038324288,1.87183686702275,-0.598528577825306,-0.10695721110755,-0.00312047598340412,-0.252150337483907,0.189067917831669,0.952337873027987,-0.292224663608079,0.729905929040352,-0.0783321417208703,-0.364629211547436,0.0690243873844375,1.44935482538118,-0.383438502830818,-2.25555381151704,-1.03530997189317,-0.323689855424733,-0.305672350913123,0.34143787308621,-0.357724968541088,0.088512192012888,-0.0249502672310883,-0.0404580761687945,-0.153008260828339,0.638812124168182,-0.0883090681845617,-0.0680919273720559,-0.158281736446565,0.268611705422862,-0.212673119672144,0.913996255391543,-0.129725894766394,-2.50551790855924,-1.63151345852802,-0.407567013725686,-0.0186430109619554,-1.01423474398556,-0.458621734285471,0.790966953446668,-1.24530428265776,-2572.32178048711
-0.0575272469472337,1.87424737178739,-0.624884382871997,0.00633302768956906,0.000981458827364863,-0.245717993398571,0.2072374826517,0.956655475610617,-0.314360428228358,0.780102862138534,-0.063937592860853,-0.35806158843485,0.117235021535647,1.53360730022437,-0.385201250558522,-2.33508512454519,-0.957355543345631,-0.26076695734078,-0.306072049243309,0.342202775401691,-0.358852261911835,0.0809135499328152,-0.0518658872649919,-0.0446929331386379,-0.156834002944249,0.659624962624407,-0.0741928492240479,-0.0726930815815254,-0.14190051251394,0.29545460762299,-0.169546759538939,0.956016182184129,-0.0648589331444807,-2.18771228193344,-1.72688432019749,-0.226455939083223,-0.0750858539106452,-1.04279891611966,-0.47884682215077,0.744314190922222,-1.20093143921022,-2569.55332114085
-0.181529005710685,1.92548046665693,-0.634656644430129,-0.00011200447911037,-0.129034860527142,-0.181041170511955,0.429676473441931,1.0019659868013,-0.43118166160066,0.917977595953603,0.103445779807018,-0.521625936987749,0.357253944520395,1.57281552460281,-0.448089445285359,-3.32730737995588,-0.988049585377752,-0.149254535670165,-0.284172977196488,0.446175887715681,-0.350943202958749,-0.130576497021378,-0.123168345366166,-0.127575224417212,-0.192443241644642,0.63874184990542,-0.0199968147775475,0.121005692630327,-0.0736064879694496,0.300600712843985,-0.170387907296605,1.0670087821738,-0.0912584627762494,-2.543254325853,-2.19390653258481,-0.223085624394965,-0.794766472259569,-1.78036640213828,-0.683577927973007,0.268331712518977,-1.16327015348839,-2550.07928877365
-0.218954868780098,2.1476971387052,-0.678015472566498,0.0808456410420047,-0.12031487581318,-0.237002466605362,0.395169353968573,0.820276121076081,-0.414580543041812,0.581886832997673,0.0610012489790398,-0.331602493870553,0.362711783305061,1.57547467970189,-0.517548040941952,-3.44476708838428,-1.13259075424152,-0.135124299885733,-0.289211824852135,0.506440755796263,-0.356438572254951,-0.281496272719295,-0.213120579812138,-0.161171044621022,-0.215565938340351,0.583164586181649,-0.01154892099097,0.0843177142748841,-0.0457536624727262,0.247621071786251,-0.197522257738267,1.1878785184846,-0.067061823717569,-3.11374731623501,-2.94008866787229,-0.260937817101003,-0.284942664194268,-1.28788590797505,-0.544536190093033,0.366887590144263,-1.33602548786102,-2545.60584677367
-0.247446261097979,2.19878409960716,-0.680073354046058,-0.0484540460472696,-0.232056106007512,-0.285134783221844,0.448515404957575,0.867089727089136,-0.456145830632183,0.932137025122572,0.36479537817152,-0.344284200736527,0.468973594398019,1.57439185192956,-0.509033224174516,-3.72834484072087,-1.27845163307851,-0.0600827769758008,-0.277017607715084,0.509199875767673,-0.346235112768341,-0.268567473878971,-0.272822040269002,-0.1526267312183,-0.210194483719958,0.703802425401071,0.0033324870757309,0.0942867435765495,-0.0357474559363399,0.31224939290065,-0.19294004797852,1.12539782769987,-0.0932473670100039,-3.22024119159527,-3.05386768150656,-0.179007996412257,-0.305315983614043,-1.39783566062154,-0.430726138461432,0.333499266368257,-1.06789993542553,-2544.37462973738
-0.335585187221732,2.43809179182054,-0.70673371633377,-0.0528443328788081,-0.257785681062897,-0.355136053279264,0.416571097072753,0.852103543543756,-0.482967472345138,0.775660955779074,0.307722812474285,-0.244007297668714,0.492818972671014,1.70795656705904,-0.553410729135201,-3.79450775561528,-1.55976775184694,-0.0878350513169323,-0.281920370025939,0.531575016415876,-0.349411945467748,-0.333668420572723,-0.262231175968029,-0.177569286216661,-0.223284437957781,0.640599211060383,0.00297409469576324,0.0992673836374478,-0.0232291783268586,0.25921062401459,-0.195040790484231,1.13504340416431,-0.0869754600830112,-3.46655534860326,-3.48055049218333,-0.162217615311778,-0.0196983609836012,-1.22570506178417,-0.351943564617264,0.459944861433298,-0.962184928060402,-2539.94551024001
-0.335415323144557,2.50012983379585,-0.663448123443941,-0.0308955141974364,-0.13524103830164,-0.481017166394942,0.384915398514455,0.821200474620856,-0.505320709734502,0.648922973143039,0.215441620242403,-0.125436015669524,0.603931584014164,2.17393322833976,-0.733943489043876,-5.1357624309469,-2.58397737334336,0.03442164899675,-0.283353930427997,0.52663510744369,-0.350519837523235,-0.327853857835745,-0.265735339307694,-0.173023362888589,-0.204543123514361,0.605960084460957,-0.00667145934814116,0.0592049142074176,-0.0223397047747885,0.231195625348649,-0.149820367820879,1.03837315106392,-0.0508238670499499,-3.38782156420954,-3.42623501659686,-0.166738010418839,0.0875726856898001,-1.51487473862658,-0.322961209893263,0.577126458490578,-1.02052894664608,-2536.00161860216
-0.407021210707144,2.75641562427695,-0.658428826134361,-0.0337325239266029,-0.0716689312764433,-0.654518604866146,0.329642536922587,0.879233612023332,-0.525617856561874,0.646331945038763,0.217446248313567,-0.0352379613508912,0.823573096811285,3.28119120151534,-1.09507104917795,-6.28517833662322,-3.38089086444079,-0.330401535048565,-0.278741267354848,0.512492042033946,-0.342562920272168,-0.275396749950155,-0.269797143892333,-0.16508182039368,-0.195324762575193,0.649399314554368,0.00225698773122217,0.0568254449877623,-0.0379676696685249,0.258458453020887,-0.16781475864012,1.10471512206556,-0.121040865391388,-3.51638400607546,-3.30090910402284,-0.119001528708914,0.389480191452455,-1.35391684450523,-0.125039916082252,0.723109886589303,-0.781098415698677,-2533.35005594077
-0.410410836184464,2.78765343723908,-0.617424153897102,-0.053914110911351,-0.0282026358459261,-0.730582715598033,0.332064387965397,0.904950276166712,-0.552559059152091,0.617623394446584,0.179376239706298,0.0129939722405182,0.845487204841195,2.95471743477806,-1.00594833712883,-7.00162148550713,-3.55260044286891,-0.0161027794314738,-0.27734479076269,0.508536968055933,-0.341613157583217,-0.286065718217043,-0.269552016381112,-0.166421392671723,-0.202400751071866,0.594358239233062,-0.00512759116454767,0.0597363306970493,-0.0494263341745566,0.217012144900422,-0.158555720631722,1.0823623043799,-0.0820939891641756,-3.37897811700671,-3.47890360243528,-0.129215174227189,0.369751933416079,-1.40282802570574,-0.142374650830259,0.71522788363601,-0.857395307020981,-2530.39485554918
-0.405928490811837,2.83953585226147,-0.585323626681066,0.0284008424028438,0.07055059401478,-0.847902789922837,0.309315981667056,0.897838823683539,-0.577557683597506,0.560592781089164,0.131068231533236,0.12247139969556,0.754090999717198,3.30382762019,-1.01683461580576,-6.31144713835442,-3.17883776723219,-0.407121325408823,-0.273477535875336,0.499981653781706,-0.333560926363909,-0.266107483469705,-0.27604673283981,-0.1611674029917,-0.183923888959662,0.633880297641756,0.00262269116308572,0.0914872839789592,-0.0289302942774209,0.232780252124093,-0.154466963694716,1.05476665538029,-0.0799023783517111,-3.49593392026562,-3.35777941668367,-0.120603331523795,0.365761104745631,-1.26652370073273,-0.122889183110831,0.698176682602168,-0.819663880086378,-2528.84541053773
-0.436190287639664,3.02819062577219,-0.569659029889898,0.0440688510783739,0.148271514856002,-1.00238091823269,0.280569978988525,0.955861200831514,-0.600084070979064,0.511581988719159,0.0876633819553362,0.181619315604073,0.920460899071969,3.1758257620769,-1.02438764347075,-6.70793625511703,-3.40851386019619,-0.331919986045563,-0.269872799252702,0.488432226504561,-0.331486384628695,-0.261921431622336,-0.266777452613808,-0.16012886959603,-0.178796093590998,0.603209403186306,0.000144177604756525,0.102434291864281,-0.0270692761656733,0.214301551356421,-0.149774862016962,1.03715251465589,-0.0727570230700611,-3.49275499893757,-3.38204251965258,-0.114789173128396,0.474364762554549,-1.24000926442874,-0.0766419404212022,0.769614367079152,-0.770346492018542,-2526.97824286165
-0.413820714136232,3.03958477897214,-0.560684076667509,-0.00426008844597827,0.153134496989123,-1.02417790284955,0.275620193090109,0.97273777878846,-0.608480061024413,0.496893143649906,0.0668685385377444,0.181964075503063,0.746258915324895,3.19209532354794,-1.00897298439068,-7.08201427420951,-3.39137011103993,-0.17533544420578,-0.270919988356588,0.486736391962751,-0.332237602820068,-0.270648273816331,-0.259858639541948,-0.160511453049224,-0.178802948711691,0.587519810107563,-0.00184788091899909,0.102775446580606,-0.0319722412057948,0.207104291099592,-0.150022513033536,1.0437806748968,-0.0719407080202137,-3.43739190172876,-3.43704607619462,-0.111414890660037,0.481174910992617,-1.25890694714244,-0.0883144674796881,0.781784193404613,-0.779654262928929,-2526.74314509115
-0.413084447144042,3.04717512547684,-0.554529473447795,0.00574297631915111,0.167399782867987,-1.04539396454297,0.26850733555157,0.986337663393035,-0.613766291236373,0.492840271328061,0.0600808923356107,0.183271177508502,0.972532773957982,3.14246437225199,-1.02259360756024,-7.00131371338457,-3.49910919336771,-0.276856868720891,-0.270757472720202,0.486026968609655,-0.331642733316341,-0.269414351325519,-0.259841905235982,-0.158961370614514,-0.174381157406392,0.600257353984183,-0.00112700749136303,0.106134433481208,-0.0285235345282698,0.209207268372229,-0.151422268546357,1.04737494695527,-0.0771639945031768,-3.47698287781473,-3.41058245916568,-0.107735261749686,0.487833373033776,-1.25487517334674,-0.0835928649376389,0.786377152109372,-0.768580243091174,-2526.6641746807
-0.417680310039734,3.11029825014432,-0.546861455555392,0.0160572635266737,0.201353397052048,-1.10577238627108,0.259241186324202,1.01722058679268,-0.622983179110356,0.478503451668619,0.0463102217462109,0.189638154489208,0.910375022522235,3.30353980251642,-1.06993907729388,-7.33010217083403,-3.59368421263917,-0.266254189009368,-0.270058662523601,0.482349806772643,-0.331670308850242,-0.271709416564684,-0.256625933119208,-0.157790758251095,-0.171948696827771,0.589223917782983,-0.00351934353657378,0.107586794360361,-0.0301052136600723,0.202545291619545,-0.153236238283967,1.05481154286292,-0.0776442830320214,-3.46874039111918,-3.437599188516,-0.10532465999514,0.530303740259678,-1.22906581079249,-0.0599517204890206,0.825739599120322,-0.742196156481841,-2526.34334339772
-0.423922826933391,3.20610812316419,-0.554394427197917,-0.0023033544176473,0.216577566895464,-1.1635499820368,0.249699206981804,1.03559574496555,-0.625146049150676,0.465146316571948,0.0325817331769294,0.180921012372455,0.910143829314153,3.43128965498625,-1.07701593488109,-7.63079058501435,-3.70401816881858,-0.288517923698162,-0.269414499305959,0.478699057376837,-0.331069379217796,-0.271586722238269,-0.253394217177093,-0.154375500606193,-0.16976003876115,0.59737236738641,-0.00497266643613802,0.109668976698348,-0.0276887233409408,0.197634443682654,-0.155046076830388,1.05417437262427,-0.0760492047472816,-3.46847422964609,-3.44061824932556,-0.101886721562933,0.592895409356701,-1.18743132347003,-0.0116879553669401,0.878697486543043,-0.696377353736213,-2526.24912281013
-0.433201811156904,3.31058704689972,-0.567284250697779,-0.0160324911372378,0.226569243406444,-1.21819472329047,0.241424363862842,1.04869597691671,-0.624006986482117,0.461327198388506,0.0263399003341824,0.171223341714856,0.935647121482571,3.55575406825632,-1.11005755114087,-7.78516670516569,-3.76245233690214,-0.354002220903563,-0.269036302119286,0.474864757358662,-0.330860204973402,-0.270844679762787,-0.246384987404961,-0.150665906907049,-0.168963552581574,0.603547702516265,-0.00620634465450096,0.109601833480588,-0.0260467322553279,0.193664769700422,-0.158289323389164,1.05911810232683,-0.0770577239883317,-3.47128546637561,-3.44064993827283,-0.0996152965854236,0.651002879414622,-1.14271355035134,0.035959976997583,0.931247981118064,-0.647686938616242,-2526.18670845366
-0.440621379456381,3.42062702574448,-0.580056061015687,-0.0234976572708543,0.231018120866744,-1.28080433146765,0.233404038141181,1.06152616574237,-0.622833199744256,0.456906600264867,0.0195346829999098,0.165932300508461,0.975583714977945,3.6354385156723,-1.13845830187802,-8.00216267507657,-3.84281965244608,-0.378254019723478,-0.268619179488553,0.468823863369239,-0.330462266024691,-0.26793038558062,-0.234116745003335,-0.145722733150802,-0.168867152232887,0.606823422973927,-0.0071676776767168,0.10993510449924,-0.0235885550887729,0.190064630377638,-0.161389364748588,1.06253020302236,-0.0784309311084371,-3.47445878694554,-3.43710593942914,-0.0964508534360556,0.704397487954779,-1.10982846900614,0.0780099321555456,0.977900569633393,-0.603385660267593,-2526.14827555226
-0.445754851681448,3.54503845005286,-0.59443151130456,-0.0353541981376898,0.224853765566937,-1.35535492942572,0.225067340631212,1.07382525624573,-0.621738215559516,0.453087326630267,0.0129557242460042,0.16283030778554,0.993901784237865,3.69872426857918,-1.15732824787534,-8.13143407243421,-3.8686520164684,-0.400886062267878,-0.268101116047043,0.460054094939557,-0.329695927484282,-0.262896398826268,-0.21636646829591,-0.139076421355573,-0.169221689496797,0.609750634150093,-0.00816951186886882,0.110842227255987,-0.0197187143929618,0.186227848665671,-0.164153407169407,1.06276815858626,-0.078774201776537,-3.47390872109249,-3.43331416812266,-0.0924008783323326,0.757947412482604,-1.07497229987717,0.120126788141534,1.02502753881062,-0.558274240829601,-2526.11396050632
-0.457864823819462,3.88295611419505,-0.633612422856396,-0.071674134369216,0.201586760991539,-1.55999082166646,0.203021644575726,1.10635066934362,-0.618949585774506,0.442918121153759,-0.00443509960378949,0.154796496019341,1.04525915192812,3.8649576438159,-1.20871986003471,-8.4812405252755,-3.94236077085818,-0.458461783262302,-0.266623632004122,0.434929788939587,-0.327353527181636,-0.247449300512426,-0.166028423338476,-0.120372374857203,-0.170266660207539,0.618199053983392,-0.0107822178133943,0.113597653514298,-0.00873105533687383,0.17628898540325,-0.171551998822123,1.06241956326968,-0.079889132956328,-3.47173273154931,-3.42117838187575,-0.0809204132872027,0.899510657437366,-0.983508196073636,0.231339294387645,1.14948232257853,-0.437851198949871,-2526.09140798374
-0.451645653873294,3.66329050171717,-0.604750835590614,-0.0709835210620713,0.206085652319574,-1.43205043574517,0.213653284110404,1.0883169264526,-0.619144956700159,0.451775198187115,0.00565433412819205,0.162362204390272,1.00506266858416,3.72454943631598,-1.17040468627571,-8.17858523623294,-3.84231396674682,-0.410150040374813,-0.267298195769745,0.443993126318197,-0.328163935473024,-0.252836760198804,-0.181843665692849,-0.127560654202404,-0.170766742039752,0.609869120234512,-0.00892266825240254,0.113161130251201,-0.0138195358320143,0.182159552481569,-0.167718106433382,1.06036441529617,-0.0790648886199624,-3.47079244949937,-3.42535112568685,-0.0858358442720911,0.815595680217107,-1.04137611702234,0.162041424566043,1.07041004381343,-0.511286041428244,-2526.08600659631
-0.455010504455754,3.74183008594465,-0.616689104127128,-0.0593522167011373,0.222015929753322,-1.47849395577803,0.21281357201969,1.09131433207213,-0.61983103369365,0.44675439403183,0.00159648352797999,0.159346156130323,1.01756997215491,3.77348530516651,-1.18221442857024,-8.29053527056739,-3.89573637655454,-0.423689554203205,-0.266903104867818,0.440652667956406,-0.327501298353649,-0.247677508568975,-0.179139214553279,-0.125645462312253,-0.170112821023444,0.614218466847466,-0.00909523905198041,0.113586500380785,-0.0129647477074088,0.18256785248698,-0.168505056081329,1.05900703917811,-0.0794584022944552,-3.46660941324794,-3.41959958502007,-0.0842287808122068,0.833350955798475,-1.02957031696845,0.177353153357307,1.08662125973242,-0.492080504806337,-2526.06420990401
-0.43900394249269,3.7295406109432,-0.615677664118331,-0.0989629731995114,0.160815443355755,-1.48532779989973,0.219390813861447,1.08564663432975,-0.622566678665454,0.447675940657489,0.00876569784944026,0.160585299303155,0.919473447928254,3.63641531712824,-1.12551416626842,-7.98719127157069,-3.76999446915861,-0.339747516729229,-0.266801021830596,0.432655834163374,-0.326095233418066,-0.232801091107947,-0.164945611835925,-0.121793033929905,-0.171533456453179,0.61820248784464,-0.00909762457837865,0.114483550454786,-0.0104755261971336,0.185482217484015,-0.164514076361387,1.04375375154548,-0.0769846770872083,-3.44662953476811,-3.41549090205267,-0.0834508416695787,0.813246927018358,-1.0419050408268,0.161527615855007,1.07266891048661,-0.503272635362442,-2526.01919102352
-0.433682652577414,3.74468659279791,-0.617847053988581,-0.115965556369288,0.129560856550194,-1.50197654430577,0.2221995337463,1.08496730610301,-0.623909929370014,0.44912631947816,0.0145112486428681,0.159443953803257,0.949438501559855,3.54262704554568,-1.10530336584124,-7.86959283530304,-3.76679841494532,-0.325744732156003,-0.266679646713713,0.426322691322739,-0.3252966013831,-0.221144069869218,-0.152665186863826,-0.118765890010537,-0.172620494860608,0.619900957763188,-0.00918757934137866,0.114335018505107,-0.0094051913178923,0.187413838421653,-0.163235751601216,1.03738862151267,-0.077646715088421,-3.44071805816898,-3.40841727926072,-0.0828185219210131,0.808564878579239,-1.04484414733085,0.156158532862486,1.07037147004764,-0.502267319323904,-2525.97175138382
-0.433852353252642,3.78550437672311,-0.622719664280161,-0.122474030708473,0.106199470277736,-1.53389312806303,0.22252693135794,1.08588797986812,-0.624257972726377,0.455251479971956,0.0243484904286047,0.15774897165791,0.963694001396922,3.48587436910145,-1.10330814307358,-7.63515271758846,-3.70122877308509,-0.360098733203198,-0.266629260259846,0.417978280897987,-0.324735610725068,-0.206912918134067,-0.134637168671031,-0.11437054037538,-0.17406472005884,0.619815130367517,-0.00958442868034938,0.112724789997009,-0.00977600378619657,0.189114304539352,-0.163026640838631,1.03525939696297,-0.0801608415029558,-3.43749708222933,-3.40128943883679,-0.0833076708644596,0.814018108994387,-1.02588895300292,0.158002750485035,1.07855262446292,-0.490658403888926,-2525.93607875421
-0.43442930338905,3.82925003438298,-0.627681188041986,-0.139152720257783,0.0846507736471701,-1.56444980509513,0.222037255180339,1.08928054974353,-0.624011748372719,0.45569305911455,0.0290524981161805,0.154800179476097,0.974946849832718,3.50424497693788,-1.1185827966408,-7.77796496531741,-3.78317618057459,-0.336640682782829,-0.26658225183272,0.410211203961709,-0.324360537515124,-0.193387874686024,-0.117870930527795,-0.109679244310745,-0.175215703045481,0.620194024806687,-0.0100014131839676,0.111284088007065,-0.0108250850034221,0.190652430965251,-0.162468310850132,1.03287709651499,-0.0814460078747133,-3.42991707182272,-3.39695880370593,-0.0847697692621334,0.827508846507655,-1.01774670734446,0.165132745763348,1.09069933587539,-0.476865310174161,-2525.90365301703
-0.433720872792735,3.90640393761023,-0.636582654055322,-0.175131734942363,0.0470480762311199,-1.6184496305262,0.220203771092755,1.0942569441956,-0.62337306333131,0.456392012125278,0.0364066530158099,0.150171097967769,0.979677686926105,3.52545347740144,-1.12449028379558,-7.88947673295574,-3.84876807488828,-0.323895429446031,-0.26648006880606,0.395796038870577,-0.323517658510057,-0.167772249739877,-0.0868389836386673,-0.100863163438066,-0.177008357611806,0.622521817709173,-0.0104958090556224,0.109386748079266,-0.0123015348498966,0.193883950547036,-0.161171997355534,1.02578029619516,-0.0829307582264571,-3.41449250484788,-3.38614588421463,-0.0871671086063873,0.852316043489083,-0.99803869093877,0.17909487161082,1.11169809735154,-0.450756221996175,-2525.86556065986
-0.429339787609319,3.96673474901437,-0.642401175614788,-0.216505936212783,0.0141330599003116,-1.6654081917252,0.217397285540813,1.09913191581658,-0.62288754408386,0.456440673188081,0.0405084115621595,0.146731840913528,0.977866630114909,3.5489560551702,-1.13053188502109,-7.96454385503943,-3.87753357442524,-0.319207379561936,-0.266427196927051,0.380087801494432,-0.322622498256558,-0.139264494859755,-0.0527841403478202,-0.0912939487386958,-0.178399092016093,0.62440823100294,-0.0107453327723212,0.107561066412402,-0.0144064345288964,0.198037532696295,-0.159569608953776,1.01620243076589,-0.0832188514705355,-3.39091932705391,-3.37430853925317,-0.090444526363883,0.87279132959365,-0.983267617792213,0.189014303231599,1.1275908219697,-0.426583748213718,-2525.83771310144
-0.427354638289185,4.00296194830717,-0.64515938642892,-0.231047677253385,0.00352293052915127,-1.69705837913079,0.214988030524107,1.10336071513726,-0.622851886019937,0.455102937794686,0.0405424580946561,0.145192717145137,0.970965372832822,3.56805764849367,-1.12877143463854,-7.9773183736058,-3.87012792857758,-0.326714201356206,-0.266508475968262,0.367605605768983,-0.322079799399343,-0.115296735501491,-0.0246215741016782,-0.0838911493650706,-0.179037750949566,0.624635972005177,-0.0107956170970508,0.105708714489981,-0.0167877827558419,0.201371367170157,-0.158864367125646,1.01035325374324,-0.084765381015889,-3.37502985043199,-3.36153735257961,-0.0932288949214078,0.884496250999747,-0.975749065086434,0.192436092411802,1.13585641808123,-0.409967698311867,-2525.82039747442
-0.423180209326953,4.01921191837988,-0.645320718384058,-0.255844330795717,-0.00921641350866863,-1.71412219223952,0.212742871664215,1.10655285284065,-0.6231066848616,0.454536679225481,0.0391226781200963,0.144813680005089,0.966056479263913,3.58138646341381,-1.12967416452957,-7.97112145091653,-3.8526485062898,-0.335907526677805,-0.266660291239685,0.356799031862052,-0.321662208900992,-0.0926923882865889,0.000748010266522263,-0.077327478198245,-0.179125385284832,0.625650151005506,-0.0106851596293045,0.104026201150618,-0.0190479275150594,0.204663714702107,-0.157695550314881,1.00176990160291,-0.084321808624575,-3.35291112459529,-3.35100035875217,-0.0964020810645274,0.890426640024407,-0.971376515904213,0.193317921847559,1.13935958177778,-0.397982894187522,-2525.8086304714
-0.422200073564316,4.0241206481869,-0.645300610846784,-0.252667652738988,-0.0034768571245804,-1.72100190657712,0.211556277335758,1.10849003759081,-0.623551435209254,0.453395637297117,0.0363171927430246,0.145373590713552,0.959650711741517,3.58206285462798,-1.12468794295007,-7.92940976719148,-3.82108609910898,-0.345688684177075,-0.266869170543718,0.350928770475532,-0.321680089549731,-0.0790007046637747,0.0160440597025414,-0.0740570875783284,-0.178912574384556,0.624933303815755,-0.0106712666369228,0.102490551180591,-0.0208788728365846,0.205926419876105,-0.157351209544851,0.998151769818335,-0.0848256425747231,-3.34148411136011,-3.34460434263468,-0.0987731268487333,0.89140209749122,-0.969948625613042,0.191250159677505,1.14018575327321,-0.392484216337349,-2525.80182394786
-0.421885077033262,4.0202817432375,-0.644520411596245,-0.249347021719325,0.00417156046315564,-1.71933793966043,0.210754211200268,1.10952886103411,-0.623994446526017,0.452506508187928,0.0331965999154089,0.146275409362008,0.955909949539481,3.58162946926466,-1.12172725016461,-7.8898797116664,-3.79454779464648,-0.354750832140155,-0.267043810767921,0.347147208494398,-0.321816143149743,-0.0678955979076474,0.0272243417285253,-0.0720923857794104,-0.178391574319822,0.625015322176665,-0.0105275808600426,0.10118556659978,-0.0223956554001687,0.206945089986791,-0.157108926436099,0.995649765229253,-0.0854476065390644,-3.33253301593722,-3.3385124844123,-0.101192221923602,0.890510061336793,-0.97008719046098,0.188991467303115,1.13941865484464,-0.388823846063405,-2525.79694763247
-0.422138301765397,4.01131519569316,-0.643436966237959,-0.244311442293123,0.0125314730355289,-1.71230283612724,0.210571143428628,1.10997632033712,-0.624396635450892,0.452123328002628,0.0308892526166798,0.147228858682015,0.953964185462858,3.57683297241933,-1.11879316903397,-7.85591078487454,-3.77504082902007,-0.360351990736149,-0.26719037224917,0.346084223547359,-0.322177949788321,-0.0623578970380929,0.0321693604236919,-0.0717297664299677,-0.178018098360656,0.624036787329945,-0.0105252079354831,0.100159923712246,-0.0235334127698885,0.207013021829607,-0.15669573284886,0.99352157688364,-0.0849561019930025,-3.32465924084298,-3.33758765884771,-0.103546343411964,0.887971526129572,-0.971035212427362,0.186220240416994,1.13806217398213,-0.389046075187148,-2525.79420967183
-0.423279314664655,4.00514606972405,-0.643259491200096,-0.235621852862445,0.0218268166862126,-1.70590596923449,0.210707259968538,1.10943363555234,-0.62451652189836,0.45178682121678,0.029449088806513,0.147829849767366,0.953895358011427,3.5727788473843,-1.11798054082443,-7.83936993221566,-3.76746427271107,-0.361880986417693,-0.267241477541091,0.346467316635479,-0.322433415023983,-0.0600601311657388,0.0331451107573401,-0.0722156782360819,-0.17766767781108,0.624342316912816,-0.0104265465452105,0.0995457973804776,-0.0240887841458125,0.207100841415339,-0.156551190951616,0.993841921824661,-0.0852835294110506,-3.32253375245503,-3.33638929687906,-0.105335912627913,0.886228473291726,-0.971990076324196,0.184993179042216,1.13693490412269,-0.389234546929384,-2525.79264957404
-0.424110753153111,3.99823583927306,-0.642711199375764,-0.232825841270442,0.0257986153726868,-1.69893166293288,0.211091787417153,1.10892754421455,-0.624555359682568,0.452008184301038,0.0292360458367629,0.148126042273643,0.954769165430308,3.56919965850818,-1.11767869045389,-7.83410893768892,-3.76781335215647,-0.361139636057342,-0.267270754368813,0.347545539328859,-0.3227063705176,-0.0601265880301169,0.0319637925443149,-0.0730455159457747,-0.177579946686903,0.623976246085045,-0.0104165838335635,0.0991805293469763,-0.0244333232455377,0.206903707789936,-0.156323398711183,0.994629337713431,-0.0853736397351134,-3.32232495369854,-3.3371323185242,-0.106857467100665,0.884369634008765,-0.973065180841287,0.183674011357019,1.13584912296662,-0.390886163483859,-2525.79172376109
-0.425161860375786,3.99492315755289,-0.64277829088847,-0.228199901611268,0.0293706168817871,-1.6946146309758,0.211564456855686,1.10819206972321,-0.624486777891313,0.452285390690808,0.0296567089184189,0.148174152565425,0.956018834663781,3.56555844487127,-1.11800573470331,-7.83616324972501,-3.77281607852324,-0.358488971578477,-0.267283439459913,0.348882760346117,-0.322917742572473,-0.0612990778847248,0.0297339886341124,-0.0739011577891226,-0.177601200054489,0.62399619664889,-0.0104267526211304,0.0989218657560914,-0.0245683281155338,0.206762429704926,-0.155952662559759,0.994974944862861,-0.0850008880345479,-3.32138851325401,-3.33886215188987,-0.108286766684447,0.883242172075781,-0.97336341059861,0.183250348141243,1.13532047849465,-0.392470560001947,-2525.79116713532
-0.425372535594517,3.99354952558549,-0.642754025750922,-0.228842154899953,0.0284723034170931,-1.6928541660456,0.211868045445718,1.10775897167769,-0.624388829786188,0.452666954367677,0.0304605574764859,0.148032779931299,0.956784550441332,3.56411781669517,-1.11838837157574,-7.84172901916319,-3.77838037463249,-0.356076224291397,-0.267291934470077,0.349433909243926,-0.322992539205669,-0.0619715162645219,0.0287474882293018,-0.0742910239974089,-0.177729064652679,0.623957960525654,-0.0104378639335195,0.0988021746365573,-0.0246436524674756,0.206724744696418,-0.155784875606808,0.995994636052585,-0.0852958391174201,-3.32284259584728,-3.33948833362598,-0.109049054557737,0.882807392761398,-0.973494902351152,0.18291722336265,1.13512082359857,-0.393292416503007,-2525.79093086181
-0.425780669454451,3.99502154842997,-0.643064415483485,-0.227197695984935,0.0286698711702221,-1.69370507328421,0.212031528123761,1.10756362987992,-0.624298379367993,0.452764997387972,0.031057774530996,0.147842053971581,0.956713527849872,3.56505856233305,-1.11901793906077,-7.85280676100365,-3.78466683640392,-0.353437773858259,-0.267324547461214,0.349734990268629,-0.323008475295683,-0.0625451583252469,0.0281867080737957,-0.0743877805318815,-0.177840901832174,0.624056080410713,-0.0104651514499968,0.0987104874373918,-0.0246871667793796,0.206775971189063,-0.15549390133906,0.995732916169454,-0.0849658158459069,-3.32181970727969,-3.34040622355033,-0.109649713664055,0.883035135042226,-0.973215221029068,0.183235416181565,1.13535537928562,-0.39360658752813,-2525.79083715133
-0.425640687110283,3.99534274443531,-0.643082563323122,-0.228606913425573,0.0274791752600602,-1.69397538841213,0.212044414112849,1.10749529613691,-0.624259451748172,0.452939296671848,0.0313888906550473,0.147773393293594,0.956978372648058,3.56495732733995,-1.11890308877648,-7.85107215339854,-3.78435860424502,-0.354103910688062,-0.267343274900083,0.349651106590889,-0.322992261753034,-0.0624676923344204,0.0284068807880133,-0.0743439815383358,-0.177897841340243,0.624064128383012,-0.0104661066632507,0.09867662751882,-0.0247302121067484,0.206822023133954,-0.15544234323381,0.996004605288205,-0.0851471239253098,-3.32233374410555,-3.3402836899627,-0.109829960077708,0.883092724274551,-0.97299676657461,0.183193822844732,1.13539537229263,-0.393552364832761,-2525.79079587511
-0.425422694537205,3.99524716793243,-0.643030519145386,-0.229587890988605,0.0266673881527633,-1.694099662523,0.212037611994213,1.10746337529654,-0.62425655783032,0.453029525952424,0.0315152245351114,0.147757336357064,0.956474523655382,3.56459291538404,-1.11874915817577,-7.84758486058872,-3.78238451822864,-0.354484756231184,-0.267352636830413,0.349530734979299,-0.32297624819526,-0.0623266635405632,0.0286310928011686,-0.0742784140728168,-0.177918735049245,0.624087217680817,-0.010464165662279,0.0986509326451579,-0.0247609773950011,0.20685579612794,-0.155407169229019,0.996091674267624,-0.0852383846959809,-3.32245745136149,-3.34019231533523,-0.109927151776121,0.883085350158389,-0.972887104002977,0.183105134744411,1.13540284310933,-0.39349065776541,-2525.79078813366
-0.425310809100027,3.99584014922102,-0.643084826612743,-0.230274090140847,0.025878649128905,-1.69466379623537,0.212045652341857,1.10746244328775,-0.624240989853332,0.453071474242137,0.0317034959748976,0.147685135147405,0.957174615567511,3.56446161480514,-1.11875087012486,-7.8491115321386,-3.78353886914794,-0.354467041063423,-0.267368318653969,0.349399827753327,-0.322958962788842,-0.0621734458258656,0.0288985733692227,-0.0741920716684007,-0.177960458188523,0.624119945293506,-0.0104680957771502,0.0986056568543274,-0.0248027580248006,0.20690590888892,-0.155329693030166,0.996104857832715,-0.0852895316664312,-3.32240583005906,-3.34016232056169,-0.110103571101197,0.883236359486939,-0.972823115936532,0.183121065633272,1.13552153427659,-0.393369126622791,-2525.79077444684
-0.425328634589291,3.99634461774667,-0.643129750555428,-0.230334613234166,0.0256632665398176,-1.69507486316716,0.212040721185887,1.10751690888169,-0.624246205205265,0.453064234092321,0.0317447913656322,0.14766326349675,0.957090446882656,3.56482552747222,-1.11885984990817,-7.850448428612,-3.78420736636579,-0.354248646683238,-0.267372914667558,0.349295525370079,-0.322955550403116,-0.061997859753357,0.0291186206258382,-0.0741232898841805,-0.177972040214873,0.624105752699708,-0.010474095181588,0.0985692451832572,-0.0248342628417555,0.206920772106491,-0.155296628576176,0.996045171968894,-0.085294371016637,-3.3222305490898,-3.34015324761835,-0.110173484572922,0.883351708863766,-0.97277698577722,0.183147218739481,1.13563745556798,-0.393260894528138,-2525.79076834107
-0.425315116467636,3.99696835792785,-0.643186698726866,-0.230428417851712,0.0254149970312236,-1.69561231924994,0.212018607803322,1.10758685139588,-0.624259927178144,0.453041164392484,0.0317506133180921,0.147646533874239,0.957039291572009,3.56497677877172,-1.11893443612001,-7.85110899205611,-3.78452249079156,-0.354109640540499,-0.267374286374359,0.349121461422678,-0.322948207490304,-0.0616662716726107,0.0294817244502262,-0.0740105300491966,-0.177973922486283,0.624134495977739,-0.0104773056626812,0.0985259554443998,-0.0248670541876353,0.206957562154317,-0.155255439175027,0.995845419554675,-0.0852579686940676,-3.32177705446417,-3.3400940323876,-0.110236923150245,0.883512334925771,-0.972680300126466,0.183204649268708,1.13578769771882,-0.393058383412663,-2525.79076364349
-0.425261490008733,3.99707913140567,-0.643184709024703,-0.23049131700306,0.0253418050328897,-1.69578587496458,0.211999516810296,1.10763421210739,-0.624276684144917,0.453015190298814,0.0317035217999501,0.147653716786406,0.956866795715117,3.56475363694931,-1.11883065829196,-7.85049977884996,-3.78408626686953,-0.354018588939825,-0.267371918920705,0.348989317824515,-0.322948033629865,-0.0613763574828186,0.0297825295800063,-0.0739383399974228,-0.177967962319173,0.624129297682565,-0.0104783238838732,0.0984993488975274,-0.0248918460001408,0.206976198271355,-0.155249421452413,0.995707381565998,-0.085244598538,-3.32147769550412,-3.34001453211227,-0.110244675669023,0.88354837002475,-0.972655630929264,0.183168816103005,1.1358338100936,-0.392949136670116,-2525.79076205152
-0.425249973364319,3.99716115349723,-0.643188738168776,-0.23047491309697,0.0253739218354256,-1.69587535741467,0.211983641651746,1.10766694765647,-0.624287075792463,0.45299964209949,0.031663848388851,0.147660552094803,0.95685155742547,3.56466440509227,-1.11884705852496,-7.85023077958402,-3.78394653163503,-0.354007839703941,-0.267368283941812,0.348891117664148,-0.322949665521452,-0.0611251641284936,0.0300254685803024,-0.0738874820291505,-0.177959680256759,0.62413656343106,-0.0104771705007066,0.0984781447101997,-0.0249115913120507,0.206994604018743,-0.155256149084769,0.995619389242711,-0.0852478649495021,-3.32127437635538,-3.33990948733923,-0.110241902366699,0.88357362616746,-0.972631293816743,0.183151659777037,1.13586187092214,-0.39284291778378,-2525.7907612777
-0.425248529036686,3.99713334313074,-0.643184115040647,-0.230507527024537,0.0254022697430284,-1.6958469492149,0.211976881718533,1.10768021582638,-0.624291702901187,0.452993630253725,0.0316410402034944,0.147667232396241,0.956823969495018,3.5645937361843,-1.11880446936722,-7.8499303317667,-3.78381041232718,-0.354035882465359,-0.267365821992427,0.348838637809505,-0.322952985416445,-0.0609616324434517,0.0301774067331638,-0.0738631718956052,-0.177954888618644,0.624135935971781,-0.0104759315981167,0.0984667039226202,-0.024925206696071,0.207006527739596,-0.155264149248252,0.995565447437271,-0.0852510772380119,-3.32115740518226,-3.3398330907286,-0.110237785596635,0.883568592733513,-0.972622286928212,0.183128956463155,1.13585828545732,-0.392794266364848,-2525.79076090007
-0.425254503140798,3.99708796252895,-0.643183427073403,-0.230473925822721,0.0254712404603339,-1.69579661778552,0.21197569232051,1.10767913563631,-0.624292015091198,0.452995169414775,0.0316332858998158,0.147671985774224,0.956838267799602,3.56452179292746,-1.11878574815355,-7.84969068734534,-3.78372292275943,-0.354072185909176,-0.267364839788824,0.348809658277269,-0.322956768773175,-0.0608527523937359,0.0302796902388283,-0.0738528756682327,-0.177953695377133,0.624130106164144,-0.0104753711669076,0.0984563846302097,-0.0249377381108005,0.207013943007975,-0.155271832416887,0.995547040129058,-0.0852598098918725,-3.32109577675607,-3.33978246685703,-0.110242139364413,0.883550253116875,-0.972615512530433,0.183101618904674,1.1358454435084,-0.392772236887482,-2525.7907607031
