"b_no_choice_a","b_powertrainbev_a","b_powertrainphev_a","b_powertrainhev_a","b_range_bev_a","b_range_phev_a","b_mileage_a","b_age_a","b_operating_cost_a","b_price_a","b_no_choice_b","b_powertrainbev_b","b_powertrainphev_b","b_powertrainhev_b","b_range_bev_b","b_range_phev_b","b_mileage_b","b_age_b","b_operating_cost_b","b_price_b","b_no_choice_c","b_powertrainbev_c","b_powertrainphev_c","b_powertrainhev_c","b_range_bev_c","b_range_phev_c","b_mileage_c","b_age_c","b_operating_cost_c","b_price_c","delta_b","gamma_hhincome_b","gamma_EV_benefit_b","gamma_EV_anxiety_b","delta_c","gamma_hhincome_c","gamma_EV_benefit_c","gamma_EV_anxiety_c","logLike"
-4.6464333007046,-8.13879199326237,-3.58207798124887,-1.32612338885126,1.80641482216745,0.122535847509464,-0.280302961643908,-0.144404413085266,-0.0412250855976611,-0.399167384238317,-6.75667682927507,-0.370009368029106,0.0857565873660706,0.632296733717408,0.164087568951589,-0.0486226169417501,-0.144505157178418,-0.124274945485882,-0.0511417921953838,-0.647937916108414,-3.08421974495677,0.354961696184889,0.512075408095906,0.510226754782585,0.328550908247131,-0.090132349823066,-0.221930790957471,0.003023567591234,-0.0679842448310325,-1.14385075087456,0.22902503157265,0,1.28346254685413,-0.470392155167214,-1.39185692725606,0,0.777811366618852,-0.525675336608594,-1206.76656956171
-4.68238415606653,-8.1290859050344,-3.51057760844161,-1.29284744448236,1.8080369345601,0.14185110923542,-0.273974070245608,-0.146581320159293,-0.0407075628779855,-0.395760685994283,-6.73975890150943,-0.366853439167483,0.0987632055918814,0.613863336181629,0.178071935069155,-0.0478558991372664,-0.145624539798649,-0.136369841667302,-0.0476648994948737,-0.644551152264324,-3.28977976124494,0.436657781096439,0.717047682021943,0.47463192583115,0.183642549058654,-0.104688246940656,-0.190836320020785,-0.0293285290774146,-0.0448995326090958,-1.13609938619672,0.220404272379154,-1.87769527863594e-07,1.39575839603886,-0.406494686159217,-1.51541690921174,-2.78989057838565e-06,0.727920806378763,-0.161422756342809,-1199.86563102668
-4.8045381286944,-8.12830983967396,-3.38523627119702,-1.21866670167618,1.78581582949205,0.130431806517262,-0.261377154547573,-0.159257883434962,-0.0434029409950872,-0.400830672197854,-6.77410398683786,-0.379804378931491,0.154295079874191,0.603139758530026,0.235949328070266,-0.0522975831982367,-0.1453751999744,-0.158596013285818,-0.0425884575901492,-0.633864896693022,-3.76526613695181,0.621492384427155,1.39231007849392,0.370414220401234,-0.0825599225906773,-0.405069816212966,-0.190289141861731,-0.114801536547794,0.0294645688003335,-1.38289556521888,0.145821851332257,-8.70927289017993e-07,1.6104583435771,-0.235503219060585,-1.54886533933592,-3.91423741642516e-06,0.952813505341477,-0.198085230823015,-1194.23255780446
-5.03356551858022,-8.15021096515616,-3.22102635637942,-1.17596224267595,1.76101607227071,0.0692155984700859,-0.246772308916096,-0.170735087562584,-0.0506962425821837,-0.43743202566321,-6.69107014686613,-0.395179944999186,0.243918513180253,0.624720504988526,0.28582721022736,-0.0732465306491193,-0.14869540887269,-0.163916013647056,-0.0376273543375983,-0.623006152782718,-4.29609621901797,1.58317361451897,1.35314507260994,0.958281158688135,-0.0661444906764858,-0.00488033737048205,-0.189505205072147,-0.09723813753616,0.00833175654688766,-1.64456829810068,0.0972915716646908,-8.78122618761206e-07,1.62861086737196,-0.326191344590949,-1.86686662530727,-6.78853837053284e-08,0.892420650660253,-0.153990379595483,-1193.1816404536
-5.34833196454295,-8.11985343507137,-3.18401103092232,-1.16391261361753,1.72308114673579,0.0611013442820886,-0.251480459089577,-0.177327328389176,-0.0580595999500122,-0.476455865354699,-6.59213194785368,-0.396318920664922,0.292075414018906,0.635723535051073,0.314326446621843,-0.0837484705938103,-0.150806576258077,-0.166509391431704,-0.0352722865112681,-0.608732000758136,-4.65757811965723,2.01315220789866,2.11374319877615,1.26678716414668,-0.552197194637765,-0.307608297552905,-0.138376802823594,-0.122358180988978,0.011827595745535,-1.95837600421556,0.0915915486272953,-1.09393314401425e-06,1.58816330636861,-0.303604868776193,-1.88089696118976,3.19309792362337e-07,0.669341750997669,-0.0938488483743835,-1191.49212893079
-5.52662392331074,-8.12442670896595,-3.23645883732038,-1.15945500680941,1.71160167126769,0.0710538469277766,-0.257695568232083,-0.176952338757842,-0.0633164543686521,-0.503536592415573,-6.52897717647651,-0.387546145190143,0.287798799142634,0.639598082645103,0.314079568075252,-0.0832989844154736,-0.150996072210341,-0.162511579521554,-0.035230275513149,-0.597459422803472,-5.75528391256513,1.57888678793274,2.82811688608231,0.894362498826207,-0.274900541569062,-0.67848298664166,-0.14757763675432,-0.181751825458467,0.0278018317841614,-2.18038650480182,0.0846827496946151,-1.10040141548304e-06,1.57030534143046,-0.353687690389575,-1.48508105520085,-2.94172773467873e-06,0.847405673251586,-0.368732331732475,-1190.36684083803
-5.59261901687241,-8.07288176723956,-3.23035910389452,-1.13520729813241,1.69036254195314,0.0824309346579814,-0.255686330188398,-0.179456404850957,-0.0643043874319261,-0.510441159181332,-6.50861277937024,-0.381199366357281,0.302270573333396,0.640938223019442,0.32753278328087,-0.0838205694212826,-0.151295396377464,-0.166633168823486,-0.0337553164640756,-0.592015731467276,-5.68204139617868,1.13900565837052,2.18964902361004,0.473813678124848,-0.200907652338012,-0.496058130352651,-0.133530062969964,-0.1689890803719,0.0449743308046643,-2.19260478171355,0.0732812456714751,-1.26253291666909e-06,1.60327356511152,-0.356762534520083,-1.41168381803231,-3.47583557985966e-06,0.968408650541713,-0.0627635771109684,-1189.51789333908
-5.67932095790555,-7.93202766449948,-3.28603181505673,-1.13388990716923,1.61985813745287,0.10428155405922,-0.261031558988149,-0.18061918186256,-0.0655549757619404,-0.517076945287264,-6.55207345229015,-0.392746489357362,0.30113740310679,0.637104563905898,0.334333602913941,-0.0823617506546529,-0.151674489521697,-0.168454122655007,-0.0354549644774903,-0.589433245056158,-6.13958191852558,0.991193895887617,1.65159482897066,0.444258844487288,-0.181679770290823,-0.384367490207264,-0.174163810821257,-0.148005677674222,0.043965435387496,-2.3104223991926,0.0680525241295092,-1.31784448283333e-06,1.60871429300792,-0.339470436319149,-1.2111183791719,-4.4876484738603e-06,0.809301475690376,-0.112555847091831,-1188.66728705871
-5.77504925394021,-7.69127264298858,-3.28623469913372,-1.10945740278585,1.51352995792534,0.118435161793313,-0.264514777195559,-0.183043921737619,-0.0660510472590863,-0.533175337937487,-6.62428686954839,-0.397273901570287,0.309317071039261,0.638849384463767,0.342813639916464,-0.082330657389181,-0.153788435982373,-0.171508174233765,-0.0378785297693431,-0.581465382261711,-6.4424810689653,0.569449849690285,0.921353255979725,0.450750915398778,0.0681033089195001,-0.199195040843077,-0.114403918761475,-0.0726628642753244,0.0253192840838758,-2.57265754091698,0.0277155425032684,-1.27511831589597e-06,1.60463502185423,-0.36577274836786,-1.01981267822554,-5.55070537220355e-06,0.675578493118072,-0.220361047082599,-1188.03059957989
-5.76655326785527,-7.69990222509508,-3.26709700246637,-1.09177197009765,1.52016317790576,0.112329557385559,-0.262182513686456,-0.18359919879301,-0.0660391299304521,-0.534421610034705,-6.58195770250077,-0.387153633375352,0.322777765316179,0.651379443109604,0.342612836398394,-0.0849599135855923,-0.156551363300211,-0.169446839732816,-0.03799039417549,-0.574279798195288,-6.49776547553899,0.755906369407242,0.996898659150417,0.177412568130372,-0.12095596395261,-0.231301662986394,-0.150411390950328,-0.0856151146792342,0.0480492274888005,-2.57640563231529,0.0166477783201859,-1.24743096917364e-06,1.5539577153418,-0.458859090608808,-0.958699325737315,-7.15662304838196e-06,0.837466429316367,-0.0319969317830576,-1187.54421347089
-5.74564611257361,-7.70244801852933,-3.22848401727377,-1.0742476633558,1.52957135948441,0.104995655517917,-0.258870062630011,-0.184455373765969,-0.06612666894082,-0.532595383065841,-6.57128261547757,-0.375587681506478,0.34213546541867,0.653852992552547,0.34054155024663,-0.0892612038304029,-0.157433952294342,-0.169932960739434,-0.0392020713565082,-0.5644037142537,-6.69494702339791,1.08677986697991,1.09415629523866,0.402722408575555,-0.190380177332157,-0.272916123595467,-0.183018873419162,-0.0866871541665182,0.0664676086860487,-2.69505478329859,0.00160758490513056,-1.24303563803107e-06,1.56333981774625,-0.456468870558801,-0.941775023734506,-6.34993778821214e-06,0.847701338294758,-0.194068089570195,-1187.09232837802
-5.71260720877019,-7.68268942381114,-3.18314994751626,-1.05028777078032,1.53025544478335,0.0988429521602333,-0.255040508535859,-0.185132071047131,-0.0656842050546131,-0.53132451798793,-6.56045341686607,-0.367485157741295,0.354928379422675,0.659903546743282,0.342342732036404,-0.0905150146153561,-0.158725007290283,-0.171087431982454,-0.0398568860114179,-0.554997099190651,-7.06159487469322,1.1514502372289,1.13426722296702,0.345237979173993,-0.212109946896651,-0.302880002504797,-0.17713751917234,-0.0657305993548463,0.0621586103021598,-2.85952688098593,-0.0211114487011952,-1.30468885118151e-06,1.57911642406355,-0.454914308551737,-0.859067925441382,-7.21529702390405e-06,0.800976451510788,-0.148696207585229,-1186.71219581114
-5.66001963069804,-7.64077732786399,-3.15339724127596,-1.03325472851478,1.51829856554636,0.0967940044247844,-0.250594143255863,-0.185133654596949,-0.0645370039000109,-0.527650144806063,-6.54981343175595,-0.357928276736791,0.368030222378283,0.666740552955579,0.343982823326148,-0.0922627731908089,-0.159780803755024,-0.172255458531465,-0.0404240513781312,-0.546826573990016,-7.25354425173051,0.746311434375986,0.917776220265859,0.114047766802503,-0.0721584590134083,-0.227920182349307,-0.144394987412388,-0.0447895019067964,0.0517607047619162,-2.9549934830664,-0.028180728881288,-1.39818382293649e-06,1.57303537209511,-0.47317627757141,-0.721456752757175,-9.47337057490211e-06,0.858712065876594,-0.0953104609215811,-1186.67516413875
-5.62436846611838,-7.60620606781102,-3.11692248434098,-1.01281100981015,1.5133474030583,0.0940010098094315,-0.247379647675863,-0.185816767414197,-0.0640984463750717,-0.523457654371851,-6.53683514997889,-0.348790322293439,0.383348612138318,0.669093284446568,0.344421034449283,-0.0943887069608703,-0.16089320723423,-0.173150961717956,-0.0414588400544848,-0.537020845055253,-7.6016458283021,1.03766762284993,0.922684452401992,0.288778089858639,-0.209455211374143,-0.248519516578439,-0.167111657413691,-0.0296163223808149,0.0576083128005606,-3.12966148955547,-0.0438436089462689,-1.43863814996099e-06,1.57785396830108,-0.475192431786935,-0.739896600533422,-8.56834360999571e-06,0.78367007769053,-0.114819313887054,-1186.39526314203
-5.59522544337,-7.55523612211447,-3.0928045105997,-0.998855475192396,1.49641646993757,0.0924966492375215,-0.245590930246191,-0.186025495530972,-0.0637294408122972,-0.519736524301075,-6.512305476125,-0.339791766230243,0.391749317959508,0.673614300447694,0.343396204907013,-0.0951773436897318,-0.161541939074262,-0.173131034790867,-0.0421693993150362,-0.528622595286368,-8.13671705685883,1.14218445799556,1.03182516604844,0.190284886773686,-0.252464691593649,-0.328109320223072,-0.185883000928723,-0.0424552758356674,0.0651295612014473,-3.26803782115581,-0.0576527126178105,-1.43569528423085e-06,1.57241034118023,-0.483939035207782,-0.697720021100207,-9.11458181742687e-06,0.81766893296851,-0.129464796515908,-1186.29337864145
-5.57648256867975,-7.52679184986452,-3.07528289278864,-0.992754491240263,1.48746801584759,0.0899093592614413,-0.244148061740572,-0.186033963984005,-0.0632651686654751,-0.517931651482341,-6.4961190065739,-0.334791454117835,0.400675072978667,0.675208806504984,0.342903121441792,-0.0972810508257544,-0.161941281813133,-0.172833474003027,-0.0423589977009843,-0.524441936368277,-8.21285162452444,1.17163424394962,0.819500293137355,0.202668865543921,-0.294966000351232,-0.250974796227388,-0.20066268412825,-0.0459325667857514,0.063292401884988,-3.25085330182831,-0.066811492862981,-1.42381650766004e-06,1.57888669681255,-0.493006079401118,-0.661812008303408,-9.54952365330986e-06,0.811121366480157,-0.109808857251142,-1186.19364981475
-5.56582766990956,-7.48398949476763,-3.06232911591313,-0.989613113539613,1.47041237102215,0.0882475964348182,-0.243535734373354,-0.186296198402164,-0.0629565682165576,-0.515850605606104,-6.50495763357875,-0.330089355121495,0.405771610963581,0.674161336619789,0.34190396338357,-0.0977536557310437,-0.162662110975793,-0.173145248015071,-0.0429382889153152,-0.522492941886185,-8.07044675899615,1.03567780364514,0.557089048144059,0.263321233162427,-0.252077850673136,-0.168380309862922,-0.186548091827298,-0.0466003844378266,0.0624606696564922,-3.20838471219886,-0.0752207456293684,-1.38802186706694e-06,1.57995392113734,-0.505854463357017,-0.646439317856211,-9.62903225269376e-06,0.853143345792317,-0.141092380144524,-1186.11070211607
-5.56686759991885,-7.45888488140317,-3.05725619953185,-0.985891874919385,1.45975078360412,0.0891372605550752,-0.2436421504254,-0.186543121153288,-0.0629685326759537,-0.515361024313808,-6.4925615869185,-0.324936675118722,0.411020519735345,0.677609042773656,0.341398634761343,-0.0980000117902712,-0.163361801511786,-0.172952814506472,-0.0432687838265515,-0.519105396676096,-8.20761555546522,1.00531979029013,0.5132513882479,0.22343030261297,-0.256593915832167,-0.16448538232552,-0.192643519779347,-0.0466696376673346,0.0660047603818981,-3.25438322850775,-0.0801743408561124,-1.38200590559596e-06,1.57531363138808,-0.518486908980518,-0.634117438017246,-9.90521432773556e-06,0.882676081765959,-0.0977912519360618,-1186.05695634578
-5.56706275481113,-7.43416402523197,-3.05173021274645,-0.981173836150715,1.44938470687711,0.0906064905360769,-0.243687678837325,-0.186601311486129,-0.0631304488552504,-0.514458120414575,-6.48389933176574,-0.317839464458075,0.415802396599891,0.679844455512069,0.340236671273038,-0.0979584733088331,-0.163941395980318,-0.173040944133084,-0.0438850117866463,-0.514498206032893,-8.41770738566869,0.965242421671932,0.468167497940621,0.203169378425175,-0.245356439046272,-0.162840697540752,-0.197987080178278,-0.0482479987820456,0.068885762144749,-3.31686948743104,-0.0900654686665128,-1.37681040350492e-06,1.57364828889741,-0.527720630617502,-0.578320453747859,-1.06810027639443e-05,0.902865463658477,-0.0692644620068223,-1186.00612127539
-5.57071706394804,-7.40105374936278,-3.03583211513236,-0.975069483661409,1.43558086750555,0.0894699630379726,-0.243678937731247,-0.187085698084454,-0.0633546546520507,-0.513970498143114,-6.47270188982071,-0.307424381025065,0.424868450072198,0.683097468708431,0.338060874297953,-0.098738097936171,-0.164798974701039,-0.173185554712148,-0.0447316547801362,-0.508358851285975,-8.67032124764616,0.938924141680339,0.417241225938548,0.207774721793608,-0.223792298694677,-0.160373608431122,-0.202256547230313,-0.0483770532420512,0.0733571822859588,-3.40658268831311,-0.107107663787682,-1.34128592910534e-06,1.57557043976315,-0.540129227947026,-0.545243389992682,-1.1198044116294e-05,0.939381636624593,-0.0313681115730239,-1185.96384802159
-5.56888935297374,-7.39314229936874,-3.03584975472773,-0.973762007432817,1.43237392135317,0.0907606823319601,-0.243480725280605,-0.187033566940296,-0.0635230304072825,-0.513029611367168,-6.46993184958073,-0.302736735801656,0.426790965896531,0.682788249636654,0.336631510656154,-0.0986004630477722,-0.164846029811598,-0.173422303949473,-0.0451849912397902,-0.505370439796962,-8.81970659150231,0.864364658562156,0.40294369389958,0.214377162162541,-0.192806748567511,-0.168994999717832,-0.20398803193624,-0.0500146100679622,0.0725750322146627,-3.44139496119996,-0.111344221514477,-1.35716311853148e-06,1.57861319362189,-0.539933406016177,-0.492143491878259,-1.18368608902145e-05,0.943639414162297,-0.0223727554257237,-1185.94563044305
-5.5680369457999,-7.3851916577475,-3.03388737899699,-0.973804799033086,1.42935715762862,0.0904616297959341,-0.243471477673248,-0.187068156871389,-0.0636026810394854,-0.512639807281952,-6.46824495984403,-0.300170081319466,0.428324299508535,0.682396194541741,0.335529114768803,-0.0987599604317299,-0.164792802821127,-0.173585565326522,-0.0454342219487357,-0.503772181136401,-8.86699954274391,0.849852545631417,0.402598875453566,0.239291440658194,-0.172229351715528,-0.169311862477866,-0.203223579968673,-0.050585369412528,0.0732567006956914,-3.45902164235482,-0.1160590328443,-1.34652766188111e-06,1.58199520708601,-0.538665071907698,-0.483299134814375,-1.19491385497382e-05,0.955857772143138,-0.0160317024951409,-1185.9326191723
-5.56643073818834,-7.38773689083501,-3.03272899792133,-0.975990099498468,1.43038904223224,0.0893436320158127,-0.243478636016908,-0.187136307363159,-0.0636539410755056,-0.512194467378606,-6.466452687963,-0.298169756141028,0.429805675107621,0.681613505047396,0.334096956936735,-0.0991238527276727,-0.164643805715235,-0.173749822642311,-0.0456060297473016,-0.502609012888411,-8.89380999047777,0.830667985128532,0.413678884549015,0.276756611233654,-0.146973557984523,-0.172932306356218,-0.201903880907202,-0.0507923175061032,0.0730531328723844,-3.46831528838015,-0.12010207999298,-1.32573832798345e-06,1.58555853975994,-0.536015087320963,-0.485046481459214,-1.19136081840457e-05,0.965160525257394,-0.0110726963684505,-1185.92126387366
-5.56542052499366,-7.39317750677711,-3.03543802268872,-0.978351214859654,1.43255107605992,0.0891852631001546,-0.243657435930917,-0.187132618368269,-0.0636406631163266,-0.511979817071837,-6.46818347642604,-0.299162314405028,0.428747265393879,0.680657415877824,0.333774728133404,-0.0989998711368312,-0.164477480063719,-0.173901135702046,-0.0455941159086945,-0.502927308635196,-8.86535853868751,0.831124557309442,0.429245622825549,0.295349738938076,-0.139644249661225,-0.174207634979947,-0.200757709149006,-0.0504958286239203,0.0726563407276203,-3.4601103812654,-0.120590593790397,-1.31413671825153e-06,1.58804382775815,-0.531855123966407,-0.494772423673054,-1.180363183938e-05,0.968730901080581,-0.00959658828774589,-1185.91679623742
-5.56380791859213,-7.40698717447088,-3.04002561324616,-0.981859457595235,1.43794293202293,0.0891288353117038,-0.243879220282581,-0.187080537217219,-0.06361208366354,-0.511713168659029,-6.46777778932365,-0.30031324075493,0.42804489198022,0.680225839212378,0.333324393032773,-0.0991223389312088,-0.164356618531727,-0.173927767007863,-0.0454736615580227,-0.503552793733785,-8.82355828897888,0.83540560003246,0.447576251594715,0.310727721506836,-0.137772537146895,-0.177034742918472,-0.199224683657983,-0.0501809641345025,0.0717021496555884,-3.44508163682275,-0.119208005920901,-1.30038714298687e-06,1.58753201845107,-0.529456768913816,-0.510694183680127,-1.16329612294636e-05,0.969631227927442,-0.00810928128802081,-1185.91360615164
-5.56439481814192,-7.41500493210072,-3.04166260243374,-0.983740519550602,1.44086991772119,0.0887481151074968,-0.244155761264,-0.187152536625877,-0.0635864541576948,-0.51168947976371,-6.46924500926426,-0.301907721745778,0.42633364133102,0.679742456791059,0.333463874259494,-0.0988020938910238,-0.164246382829929,-0.174014099890657,-0.0453994767462588,-0.504188456425053,-8.79824855495493,0.840384614242625,0.459737296097585,0.31439986327858,-0.140705201958213,-0.17812755151681,-0.199489811865476,-0.0497631547690085,0.0713262668223076,-3.43608366027266,-0.118762081417125,-1.2895656791916e-06,1.58860096005247,-0.526658382078469,-0.520542778136459,-1.15352326973991e-05,0.971394834989294,-0.0065877257591905,-1185.91237734534
-5.56376748289349,-7.421564027351,-3.04539669817693,-0.985307519674877,1.44332873306599,0.0894026949412974,-0.244343317061904,-0.187094127771437,-0.0635798819446397,-0.511507087155168,-6.4684708673068,-0.302603310124883,0.425919503176631,0.679970823736172,0.333421854623918,-0.0988067473833981,-0.164249439500531,-0.173989824264356,-0.0453185594733278,-0.504552559788732,-8.78195381011984,0.843392965149774,0.463625609506559,0.312612943946562,-0.144770267139016,-0.178805097680109,-0.198893706227735,-0.0496479631905118,0.0707595281725855,-3.42845390643962,-0.117029208844067,-1.28831562086771e-06,1.58673890536598,-0.526542149133464,-0.526474995365209,-1.14959551429379e-05,0.97201367253006,-0.00404749894172624,-1185.91170996918
-5.56427717440547,-7.4259206690239,-3.04588505948809,-0.985909069855192,1.44489662777073,0.0893525294221186,-0.24446930912194,-0.187126223082593,-0.0635865918072288,-0.511482724355466,-6.4676435858629,-0.302925566928533,0.425602067320622,0.680166778230354,0.333453567065667,-0.0987587386905537,-0.164254775260373,-0.173965465842279,-0.0452824277225104,-0.504666528915615,-8.78438590939356,0.84507996111369,0.464886530133505,0.309509356019377,-0.148549951642936,-0.179465288170161,-0.199493227367697,-0.0496327981394067,0.070677258324791,-3.4277330278706,-0.116487650426276,-1.28535075337221e-06,1.58585253622518,-0.526758668768556,-0.527985294406848,-1.14903760135611e-05,0.972889614876856,-0.00266138985289793,-1185.91140695178
-5.56428105202687,-7.42609147042976,-3.04626350217464,-0.986066591403007,1.44486517604114,0.0894970123475674,-0.244513067488426,-0.187117265580958,-0.063592385943834,-0.511471040307249,-6.46757464909506,-0.303019406025786,0.42551631746964,0.680430168280921,0.333483537111383,-0.0987280012843056,-0.164279476657887,-0.173959916071466,-0.0452736592186339,-0.504717722488826,-8.78499673590306,0.844198455031412,0.465015267607534,0.304172203094513,-0.149001226948964,-0.179732337393862,-0.199122354657494,-0.0495995932066657,0.0707265295602328,-3.42781453999037,-0.116423053454214,-1.28425708036629e-06,1.58509704201323,-0.527192768977236,-0.526391255769679,-1.15177347219188e-05,0.974074273753679,-0.000923911521465667,-1185.91132053545
-5.56453163617253,-7.42683503819628,-3.04760519300546,-0.986265971992417,1.44506665554364,0.0899254527069827,-0.244601024033228,-0.187105703262104,-0.0636100818440294,-0.511363187303366,-6.46793395195076,-0.303165363733741,0.425348055931601,0.680430187429161,0.333524939953801,-0.0986636797029193,-0.164282531410419,-0.173973662109088,-0.0452846556733165,-0.504757918726181,-8.7890592946924,0.84237333335734,0.463839099403504,0.303882799486289,-0.150074288839417,-0.180328281931805,-0.199376246856379,-0.049662850693146,0.0707147697820606,-3.42832121101904,-0.115687608042624,-1.2881973493953e-06,1.58459362236161,-0.527032865375894,-0.523658568999953,-1.15347877486426e-05,0.973279313714928,-0.00209171735795466,-1185.91128180443
-5.56505151726076,-7.42763424136345,-3.04716610752655,-0.986258264225305,1.44535751477269,0.0897812130921875,-0.244628475346544,-0.187134904909661,-0.0636166703681917,-0.511418163064228,-6.46760368406404,-0.3031395513967,0.425485650534341,0.68050671205082,0.333528298420505,-0.0987021059737283,-0.164288045168449,-0.173965081454279,-0.0452850532382611,-0.504718973648955,-8.79272341642832,0.844155158153793,0.462510693481259,0.304366823596916,-0.15063054376931,-0.179592009850233,-0.199540162903774,-0.0495401734584768,0.0707573561603546,-3.430021415444,-0.115899051651668,-1.2868700084654e-06,1.58479145889733,-0.527219725767013,-0.524414425221361,-1.15249234060145e-05,0.973007189870736,-0.00182001242462915,-1185.91126224434
-5.56531550803673,-7.42794110583976,-3.0467057445124,-0.986222912474723,1.44547749204807,0.0896365434944505,-0.244635170872747,-0.187152371732414,-0.0636204548826969,-0.511455727782824,-6.46744713825586,-0.303112721158507,0.425578092427748,0.680523825248024,0.333527074816446,-0.0987283261172181,-0.164289272539639,-0.173961843067953,-0.0452893513132264,-0.504677498295526,-8.79415388711893,0.843418985508528,0.460457966049946,0.303906597569899,-0.150305610306641,-0.179007536274794,-0.199498816336341,-0.0495843545404938,0.0707328866381889,-3.43020549838576,-0.116056336511687,-1.28629298833756e-06,1.58503356085288,-0.527315689649613,-0.524074938733897,-1.15317491499734e-05,0.97319053078293,-0.00194763927491331,-1185.91125496162
-5.56541789080162,-7.42778171312132,-3.04656082519229,-0.986184616826386,1.44543054668658,0.0896212841716856,-0.244642629914244,-0.18715726185607,-0.0636248294558208,-0.511465816391241,-6.46726959766208,-0.303081165808051,0.425659812468714,0.680547557959384,0.333524092305879,-0.0987443580125685,-0.164291098862983,-0.173960073311818,-0.045295118135819,-0.504631217031775,-8.79703775741592,0.843768089485386,0.460168829264148,0.303745956085595,-0.150375513972753,-0.179107415167812,-0.199511140824235,-0.0496271121155133,0.0707779128983889,-3.43124652916998,-0.116112937896001,-1.28655425340466e-06,1.58510795575579,-0.52739667726258,-0.524051268743366,-1.15339821380832e-05,0.973378602235026,-0.00197790701899988,-1185.91125138389
-5.56536306939291,-7.42743803898261,-3.04668524488966,-0.98617195442082,1.44530484722202,0.0896916223010123,-0.244645557941196,-0.187152610079087,-0.0636271718655278,-0.511452183643694,-6.46722383224307,-0.303067364264245,0.42569680363415,0.680549775124936,0.333523016396189,-0.0987482413104912,-0.164292336290258,-0.173961788749845,-0.0452994924760835,-0.504606328402824,-8.79792558048722,0.843392647863103,0.459171309125138,0.303739920959819,-0.150290594749883,-0.178850828397822,-0.199515890850868,-0.049622346249242,0.0707857661627286,-3.4315620554409,-0.116072513698162,-1.28743770901803e-06,1.58512043085204,-0.527407320855254,-0.523668232524531,-1.15399598586088e-05,0.973456359921795,-0.00188450355227702,-1185.91124843778
-5.56527736342447,-7.42717854757227,-3.04666993284704,-0.986167005106311,1.44519912786822,0.0897130017297824,-0.244645235996422,-0.187151476518133,-0.0636283940892119,-0.51143581346059,-6.46712407777054,-0.303034580084312,0.425717826033942,0.68054080377845,0.33351158021981,-0.0987469522497772,-0.164291850672039,-0.17396252456285,-0.0453034869795702,-0.504574509092909,-8.79917412218676,0.842976677788902,0.458355919806295,0.303854513911664,-0.150195389918274,-0.178694417494539,-0.199561965690562,-0.0496233064615254,0.0707983583690746,-3.43196892784708,-0.116050993819358,-1.28816382373243e-06,1.58509994191868,-0.527403651530156,-0.523132975016143,-1.15484152348537e-05,0.973562724428799,-0.00168649211539435,-1185.91124596227
-5.56516495090144,-7.42697120660898,-3.04671886955517,-0.986174345353206,1.44511672031828,0.0897432877710364,-0.244640899735203,-0.187149671377133,-0.0636273375232687,-0.511420925227212,-6.46706537465697,-0.303003021308613,0.425742489102853,0.680532614983763,0.333496442791352,-0.098750551160099,-0.164291639549284,-0.173962240288922,-0.0453049669902927,-0.504560382928399,-8.79961032317052,0.84282220887516,0.458120311108814,0.304064898644743,-0.150092609445806,-0.178651099416116,-0.19960616116486,-0.0496289649159498,0.0708112150532863,-3.43211702124333,-0.116031716462631,-1.28846566843279e-06,1.58503951717488,-0.527411931546956,-0.52298844593779,-1.15515734789686e-05,0.973734216090316,-0.00150610089580763,-1185.91124485469
-5.56509276303717,-7.42691915508023,-3.04668133705654,-0.986183043346738,1.4450953431708,0.0897358618449737,-0.244637808889171,-0.187149762292028,-0.0636258641842709,-0.511414299133292,-6.46701604858831,-0.302976109915624,0.425743376808477,0.680519161962993,0.333481619518923,-0.0987480240823371,-0.16429014324242,-0.173962311252132,-0.0453053787921564,-0.504549945784347,-8.80025902299759,0.84260425642842,0.458268156609195,0.304239673713254,-0.149956451252851,-0.178734170093616,-0.199644758931367,-0.0496287861214912,0.0708088902108102,-3.43230013164521,-0.116051064190449,-1.28842232146182e-06,1.58501043198082,-0.527390811555373,-0.522838086245611,-1.15549265802533e-05,0.97380778356626,-0.00128634048556354,-1185.91124419234
-5.5650775379905,-7.42695474413361,-3.04665818019172,-0.986196033539127,1.44510706098466,0.0897227733382549,-0.244637543864923,-0.187151159257951,-0.063625007299727,-0.511412440069826,-6.46700940162106,-0.30296715244937,0.425741474335319,0.680510932734473,0.33347280906285,-0.0987473671339723,-0.164289398029533,-0.173962369205298,-0.0453051886051592,-0.504550388293182,-8.80013614122569,0.84267148943181,0.458424899724471,0.304418585541628,-0.149920035603951,-0.178763158612619,-0.199667361269545,-0.0496350977000598,0.0708168245523814,-3.43225586339156,-0.116069440753865,-1.2881474669685e-06,1.58498953477308,-0.527378370849858,-0.522913963429929,-1.15544796973758e-05,0.973946022293474,-0.00118836988757056,-1185.91124385099
-5.56507491242636,-7.42706457999682,-3.04666414786487,-0.986212014594998,1.44514855659136,0.0897152772269908,-0.244637160300989,-0.1871517591222,-0.0636244107637094,-0.51141267594152,-6.46699898184343,-0.302961108460858,0.425743166367967,0.68051046316972,0.333465656816403,-0.0987489782736638,-0.164289191978105,-0.173961839269209,-0.0453042686102744,-0.504553244818347,-8.800064474144,0.842664488554678,0.458667398526994,0.304504500668378,-0.149876236787627,-0.178828937827981,-0.199669390276583,-0.0496359608353021,0.0708130581219958,-3.43220854402094,-0.116082964075396,-1.28783884762272e-06,1.58497081393915,-0.527379944334672,-0.523015711351122,-1.15533625807441e-05,0.973993158738825,-0.00113145157550383,-1185.91124363508
-5.56510262355649,-7.42717889553966,-3.0466582030575,-0.986225457915743,1.44519108920555,0.0897018382192033,-0.244639609670589,-0.187152869171654,-0.0636242876838744,-0.511415091534269,-6.46701622757374,-0.302967453984558,0.42573117376848,0.680508894800824,0.333464005375082,-0.098746470953634,-0.164288562934675,-0.173962610587796,-0.0453037415537956,-0.504558014016149,-8.79995268784243,0.842685805788,0.458919082147222,0.304542397060061,-0.149858183909008,-0.178886840728582,-0.199666188068657,-0.0496361252133814,0.0708096438914111,-3.43214632589192,-0.116106782419651,-1.2874913061708e-06,1.58498395961522,-0.527361853214389,-0.523109411012107,-1.15520642075676e-05,0.974023473544546,-0.00110121105526608,-1185.91124351011
