{"chunk_definitions":[{"row":24,"row_count":1,"visible":true,"expansion_state":0,"options":{"engine":"r","label":"setup","include":false,"dev":"png"},"document_id":"A749FDD2","chunk_id":"csetup_chunk","chunk_label":"setup"},{"row":44,"row_count":1,"visible":true,"expansion_state":0,"options":{"engine":"r","label":"unnamed-chunk-21","dev":"png"},"document_id":"A749FDD2","chunk_id":"cfyi4t68kkaew","chunk_label":"unnamed-chunk-1"},{"row":89,"row_count":1,"visible":true,"expansion_state":0,"options":{"engine":"r","label":"unnamed-chunk-22","dev":"png"},"document_id":"A749FDD2","chunk_id":"cjgzl7mwffxn1","chunk_label":"unnamed-chunk-3"},{"row":113,"row_count":1,"visible":true,"expansion_state":0,"options":{"engine":"r","label":"unnamed-chunk-23","dev":"png"},"document_id":"545EEAE4","chunk_id":"cumu7ckja6mbh","chunk_label":"unnamed-chunk-4"},{"row":351,"row_count":1,"visible":true,"expansion_state":0,"options":{"engine":"r","label":"unnamed-chunk-88","dev":"png"},"document_id":"545EEAE4","chunk_id":"cq1l07xoyfqnl","chunk_label":"unnamed-chunk-8"},{"row":449,"row_count":1,"visible":true,"expansion_state":0,"options":{"engine":"r","label":"unnamed-chunk-89","dev":"png"},"document_id":"545EEAE4","chunk_id":"cus2x7pqq28r8","chunk_label":"unnamed-chunk-9"},{"row":534,"row_count":1,"visible":true,"expansion_state":0,"options":{"engine":"r","label":"unnamed-chunk-84","dev":"png"},"document_id":"545EEAE4","chunk_id":"cbz589bu0m1us","chunk_label":"unnamed-chunk-10"},{"row":561,"row_count":1,"visible":true,"expansion_state":0,"options":{"engine":"r","label":"unnamed-chunk-79","dev":"png"},"document_id":"545EEAE4","chunk_id":"cd400o6zhc5nt","chunk_label":"unnamed-chunk-11"},{"row":659,"row_count":1,"visible":true,"expansion_state":0,"options":{"engine":"r","label":"unnamed-chunk-82","dev":"png"},"document_id":"545EEAE4","chunk_id":"cqoct9mx23ifz","chunk_label":"unnamed-chunk-12"},{"row":744,"row_count":1,"visible":true,"expansion_state":0,"options":{"engine":"r","label":"unnamed-chunk-87","dev":"png"},"document_id":"545EEAE4","chunk_id":"cuon2j0p76mvc","chunk_label":"unnamed-chunk-13"}],"doc_write_time":1746551386}