"0","design_rand <- design_rand %>%"
"0","  mutate(battery_health_year0=1,"
"0","         battery_health_year3=(1-battery_degradation)^3,"
"0","         battery_health_year8=(1-battery_degradation)^8,"
"0","         # round to the closest 5"
"0","         battery_range_year3=round(battery_range_year0*battery_health_year3/5)*5,"
"0","         battery_range_year8=round(battery_range_year0*battery_health_year8/5)*5,"
"0","         # 0 decimal"
"0","         battery_health_year3=round(battery_health_year3,2),"
"0","         battery_health_year8=round(battery_health_year8,2)"
"0","         ) "
"0",""
"0","df_battery_degradation<-design_rand %>%"
"0","  select(battery_range_year0,battery_degradation) %>% "
"0","  distinct() %>% "
"0","  mutate(battery_degradation_id = row_number())"
"0",""
"0","df_range_SOH<-design_rand %>% "
"0","  select(contains(""year"")) %>% "
"0","  distinct() "
