{"chunk_definitions":[{"row":24,"row_count":1,"visible":true,"expansion_state":0,"options":{"engine":"r","label":"setup","include":false,"dev":"png"},"document_id":"A749FDD2","chunk_id":"csetup_chunk","chunk_label":"setup"},{"row":46,"row_count":1,"visible":true,"expansion_state":0,"options":{"engine":"r","label":"unnamed-chunk-3","dev":"png"},"document_id":"A749FDD2","chunk_id":"cfyi4t68kkaew","chunk_label":"unnamed-chunk-1"},{"row":93,"row_count":1,"visible":true,"expansion_state":0,"options":{"engine":"r","label":"unnamed-chunk-5","dev":"png"},"document_id":"A749FDD2","chunk_id":"cjgzl7mwffxn1","chunk_label":"unnamed-chunk-3"},{"row":117,"row_count":1,"visible":true,"expansion_state":0,"options":{"engine":"r","label":"unnamed-chunk-8","dev":"png"},"document_id":"545EEAE4","chunk_id":"cumu7ckja6mbh","chunk_label":"unnamed-chunk-4"},{"row":360,"row_count":1,"visible":true,"expansion_state":0,"options":{"engine":"r","label":"unnamed-chunk-9","dev":"png"},"document_id":"545EEAE4","chunk_id":"cq1l07xoyfqnl","chunk_label":"unnamed-chunk-8"},{"row":458,"row_count":1,"visible":true,"expansion_state":0,"options":{"engine":"r","label":"unnamed-chunk-10","dev":"png"},"document_id":"545EEAE4","chunk_id":"cus2x7pqq28r8","chunk_label":"unnamed-chunk-9"},{"row":547,"row_count":1,"visible":true,"expansion_state":0,"options":{"engine":"r","label":"unnamed-chunk-13","dev":"png"},"document_id":"545EEAE4","chunk_id":"cbz589bu0m1us","chunk_label":"unnamed-chunk-10"},{"row":574,"row_count":1,"visible":true,"expansion_state":0,"options":{"engine":"r","label":"unnamed-chunk-8","dev":"png"},"document_id":"545EEAE4","chunk_id":"cd400o6zhc5nt","chunk_label":"unnamed-chunk-11"},{"row":672,"row_count":1,"visible":true,"expansion_state":0,"options":{"engine":"r","label":"unnamed-chunk-9","dev":"png"},"document_id":"545EEAE4","chunk_id":"cqoct9mx23ifz","chunk_label":"unnamed-chunk-12"},{"row":757,"row_count":1,"visible":true,"expansion_state":0,"options":{"engine":"r","label":"unnamed-chunk-11","dev":"png"},"document_id":"545EEAE4","chunk_id":"cuon2j0p76mvc","chunk_label":"unnamed-chunk-13"}],"doc_write_time":1749502388}