"0"," library(ragg)"
"0","# Create output directory if it doesn't exist"
"0","# output_dir <- here::here(""survey"", ""images"", ""battery_choices"")"
"0","output_dir <- here::here( ""images"", ""battery_choices_version3"")"
"0","if (!dir.exists(output_dir)) dir.create(output_dir, recursive = TRUE)"
"0",""
"0","# Get unique row_ids"
"0","row_ids <- unique(df_segmented$row_id)"
"0",""
"0","for (id in row_ids) {"
"0","  "
"0","  # Filter data for this row_id"
"0","  segmented_i <- df_segmented %>% filter(row_id == id)"
"0","  outline_i   <- df_battery_outline %>% filter(row_id == id)"
"0","  terminal_i  <- df_terminal %>% filter(row_id == id)"
"0","  label_i     <- df_range_SOH_long %>% filter(row_id == id)"
"0",""
"0","  # Get the image name"
"0","  image_filename <- label_i$image_name[1]  # Assuming it's the same for all years per row_id"
"0","  "
"0","  # Build the plot"
"0","  p <- ggplot() +"
"0","    geom_rect("
"0","      data = segmented_i,"
"0","      aes(xmin = xmin, xmax = xmax, ymin = ymin, ymax = ymax,"
"0","          fill = ifelse(filled, fill_color, ""white"")),"
"0","      color = NA"
"0","    ) +"
"0","    geom_rect("
"0","      data = outline_i,"
"0","      aes(xmin = xmin, xmax = xmax, ymin = ymin, ymax = ymax),"
"0","      fill = NA, color = ""black"", linewidth = 0.6"
"0","    ) +"
"0","    geom_rect("
"0","      data = terminal_i,"
"0","      aes(xmin = xmin, xmax = xmax, ymin = ymin, ymax = ymax),"
"0","      fill = ""black"""
"0","    ) +"
"0","    scale_fill_identity() +"
"0","    coord_cartesian(xlim = c(0, max(df_range_SOH_long$battery_range_max)+200),  clip = ""off"") +"
"0","    scale_y_reverse("
"0","      limits = c(3.6, 0.4),"
"0","      breaks = c(3, 2, 1),"
"0","      labels = c(""Future\n(in 5 yrs)"",""Today\n(at 3 yrs old)"",""Initial\ncondition""))+"
"0","    geom_text("
"0","      data = label_i,"
"0","      aes(x = 360+40, y = as.numeric(factor(year)), label = label),"
"0","      hjust = 0, size = 5"
"0","    ) +"
"0","    theme_minimal() +"
"0","    theme("
"0","      axis.title = element_blank(),"
"0","      axis.text.x =element_blank(),"
"0","      axis.text.y = element_text(colour = ""black"", size = 14),"
"0","      axis.ticks = element_blank(),"
"0","      panel.grid = element_blank(),"
"0","      panel.spacing = unit(0, ""pt""),"
"0","      plot.margin = margin(0,0,0,0),"
"0","      axis.ticks.length = unit(0, ""pt"")"
"0","    )"
"0","  "
"0","  # Save the image"
"0","  # ggsave("
"0","  #   filename = file.path(output_dir, paste0(image_filename, "".png"")),"
"0","  #   plot = p,"
"0","  #   width = 3, "
"0","  #   height = 3,"
"0","  #   dpi = 250"
"0","  #   "
"0","  # )"
"0","  "
"0","agg_png("
"0","  filename = file.path(output_dir, paste0(image_filename, "".png"")),"
"0","  width = 4,"
"0","  height = 2.6,"
"0","  units = ""in"","
"0","  res = 250"
"0",")"
"0","print(p)"
"0","dev.off()"
"0","}"
