"0",""
"0","library(ggplot2)"
"0","library(dplyr)"
"0","library(tidyr)"
"0","library(scales)"
"2","
Attaching package: ‘scales’

"
"2","The following object is masked from ‘package:purrr’:

    discard

"
"2","The following object is masked from ‘package:readr’:

    col_factor

"
"0","segments <- 100"
"0","max_battery_health <- 1"
"0","segment_width <- max_battery_health / segments"
"0",""
"0","# Create visual bar representation by 100%"
"0","df_segmented <- df_range_SOH_long %>%"
"0","  mutate("
"0","    row_id = factor(row_id),"
"0","    fill_color = col_numeric(c(""brown"",""red"", ""yellow"", ""green""), domain = c(0.5, 1))(battery_health),"
"0","    visual_filled = ceiling(battery_health * segments),"
"0","    y_center = as.numeric(factor(year))"
"0","  ) %>%"
"0","  uncount(weights = segments, .id = ""segment"") %>%"
"0","  group_by(row_id, year) %>%"
"0","  mutate("
"0","    total_width = unique(battery_range_max),"
"0","    segment_width = total_width / segments,"
"0","    filled = segment <= visual_filled,"
"0","    xmin = (segment - 1) * segment_width,"
"0","    xmax = segment * segment_width,"
"0","    ymin = y_center - 0.3,"
"0","    ymax = y_center + 0.3"
"0","  ) %>%"
"0","  ungroup()"
"0",""
"0",""
"0","# Battery outline"
"0","df_battery_outline <- df_range_SOH_long %>%"
"0","  mutate("
"0","    y_center = as.numeric(factor(year)),"
"0","    xmin = 0,"
"0","    xmax = battery_range_max,"
"0","    ymin = y_center - 0.3,"
"0","    ymax = y_center + 0.3"
"0","  )"
"0",""
"0","# Terminal"
"0","df_terminal <-df_battery_outline %>%"
"0","  mutate("
"0","    xmin = battery_range_max,"
"0","    xmax = battery_range_max + 15,"
"0","    ymin = ymin + 0.1,"
"0","    ymax = ymax - 0.1"
"0","  )"
"0",""
"0",""
"0","# Plot"
"0","Range_SoH_full_image<-ggplot() +"
"0","  geom_rect("
"0","    data = df_segmented, #%>% filter(row_id==1),"
"0","    aes(xmin = xmin, xmax = xmax, ymin = ymin, ymax = ymax, fill = ifelse(filled, fill_color, ""white"")),"
"0","    color = NA"
"0","  ) +"
"0","  geom_rect("
"0","    data = df_battery_outline,"
"0","    aes(xmin = xmin, xmax = xmax, ymin = ymin, ymax = ymax),"
"0","    fill = NA, color = ""black"", linewidth = 0.6"
"0","  ) +"
"0","  geom_rect("
"0","    data = df_terminal,"
"0","    aes(xmin = xmin, xmax = xmax, ymin = ymin, ymax = ymax),"
"0","    fill = ""black"""
"0","  ) +"
"0","  scale_fill_identity() +"
"0","  facet_wrap(~ row_id) + #, scales = ""free_y"""
"0","  coord_cartesian(xlim = c(0, max(df_range_SOH_long$battery_range_max)+300),clip = ""off"") +"
"0","  scale_y_reverse(limits = c(3.6, 0.4),"
"0","                  breaks = c(3, 2, 1),  # Positions for ticks"
"0","                  labels = c(""Future\n(in 5 yrs)"",""Today\n(at 3 yrs old)"",""Initial\ncondition""))+"
"0","   geom_text("
"0","    data = df_range_SOH_long,"
"0","    aes(x = 360+40, y = as.numeric(factor(year)), label = label),"
"0","    hjust = 0, size = 3"
"0","  )+"
"0","  theme_minimal() +"
"0","  theme("
"0","    axis.title = element_blank(),"
"0","    axis.text.x = element_blank(),"
"0","    axis.text.y = element_text(colour=""black"", size = 10),"
"0","    axis.ticks = element_blank(),"
"0","    panel.grid = element_blank()"
"0","  )"
"0",""
"0","# ggsave(plot = Range_SoH_full_image, filename  = here::here(""survey"",""images"",""battery_choices"", ""SoH_range_full_image.png""), width = 15, height = 12)"
"0","ggsave(plot = Range_SoH_full_image, filename  = here::here(""images"",""battery_choices_version3"", ""SoH_range_full_image.png""), width = 14, height = 10)"
"0",""
"0",""
"0",""
