"0","df_range_SOH_long <- df_range_SOH %>%"
"0","  mutate(row_id = row_number()) %>%"
"0","  pivot_longer("
"0","    cols = -row_id,"
"0","    names_to = c(""metric"", ""year""),"
"0","    names_pattern = ""(.*)_year(\\d+)"","
"0","    values_to = ""value"""
"0","  ) %>%"
"0","  pivot_wider("
"0","    names_from = metric,"
"0","    values_from = value"
"0","  ) %>%"
"0","  group_by(row_id) %>%"
"0","  mutate(battery_range_max = max(battery_range)) %>%"
"0","  ungroup() %>%"
"0","  left_join(df_battery_degradation %>% select(-battery_range_year0), by= c(""row_id""=""battery_degradation_id"")) %>% "
"0","  mutate("
"0","    year = as.numeric(year),"
"0","    label = paste0(battery_range, ""mi ("", battery_health*100, ""%)""),"
"0","    image_name = paste0(""Range_Degradation_"",battery_range_max, ""_"", battery_degradation*100),"
"0","  ) %>%"
"0","  select(-battery_degradation)"
"0",""
